LAKE,AREA_NAME,HAB_TYPE,HAB_DESC,LAT,LONG,DEPTH_FT,MARKED,BANK_ACC,DATE_INST
Adair,South dock,Spider Blocks,25 spider blocks,35.832545,-94.627109,6,N,Y,7/13/2022
Adair,Central point,Spider Blocks,15 spider blocks,35.832838,-94.62666,6,Y,Y,10/21/2019
Adair,dock,Spider Blocks,15 spider blocks,35.832989,-94.627945,8,N,Y,10/21/2019
Altus Lugert,Dock,Combination,Spider blocks and cedars,34.895429,-99.29756,10,Y,Y,10/12/2020
Arbuckle,Middle Buckhorn Arm,Combination,Cedar trees & Shelbyville Cube,34.423611,-97,16,Y,N,7/18/2024
Arbuckle,2nd Cove East of Dam,Combination,Cedar trees & Shelbyville Cubes,34.426667,-97.010278,12,Y,N,7/17/2024
Arbuckle,1st Cove East of Dam,Brush Pile,Cedar trees,34.43,-97.018056,15,Y,N,7/16/2024
Arbuckle,Middle of Guy Sandy (South),Brush Pile,Cedar trees,34.4425,-97.035833,14,Y,N,7/15/2024
Arbuckle,Upper Guy Sandy (East),Brush Pile,Cedar trees,34.471111,-97.03,16,Y,N,7/14/2024
Arbuckle,Middle of Guy Sandy (East),Combination,Cedar trees & Shelbyville Cube,34.448056,-97.029167,17,Y,N,7/13/2024
Arbuckle,Middle Guy Sandy (East),Brush Pile,Cedar trees,34.446389,-97.025556,11,Y,N,7/12/2024
Arbuckle,Mouth of Rock Creek (West),Combination,Cedar trees & Shelbyville Cube,34.446667,-97.017778,11,Y,N,7/11/2024
Arbuckle,Rock Creek 2nd Cove (North),Combination,Cedar trees & Shelbyville Cube,34.456944,-97.018889,12,Y,N,7/10/2024
Arbuckle,Rock Creek 3rd Cove (North),Brush Pile,Cedar trees,34.459722,-97.015833,20,Y,N,7/9/2024
Arbuckle,Upper Rock Creek South,Brush Pile,Cedar trees,34.468611,-97.010556,15,Y,N,7/8/2024
Arbuckle,Middle Rock Creek (East),Combination,Cedar trees & Shelbyville Cube,34.4575,-97.010556,12,Y,N,7/6/2024
Arbuckle,Upper Rock Creek South,Combination,Cedar trees & Shelbyville Cube,34.465833,-97.008333,18,Y,N,7/6/2024
Arbuckle,Cove by water intake,Combination,Cedar trees & Shelbyville Cubes,34.449167,-97.006944,18,Y,N,7/5/2024
Arbuckle,Buckhorn #1 Cove North,Brush Pile,Cedar trees,34.439167,-97.004722,20,Y,N,7/4/2024
Arbuckle,Middle Buckhorn Arm (North),Brush Pile,Cedar trees,34.432222,-97.001389,18,Y,N,7/3/2024
Arbuckle,Upper Buckhorn Arm (North),Combination,Cedar trees & Shelbyville Cube,34.426111,-96.990278,14,Y,Y,7/2/2024
Arbuckle,Upper Buckhorn Creek,Brush Pile,Cedar trees,34.420278,-96.984444,14,Y,N,7/1/2024
Arcadia,Deep Fork South Eagle Tower point,Brush Pile,Cedar trees,35.629,-97.3884,11,N,N,2/23/2023
Arcadia,Douglas ramp point,Brush Pile,Cedar trees,35.63127,-97.37086,12,Y,N,2/23/2023
Arcadia,Tinker Creek (channel),Brush Pile, ,35.628611,-97.370278,10,Y,N,2/23/2023
Arcadia,Deep Fork - 33rd St. Ramp,Brush Pile,cedar trees,35.62435,-97.39253,8,N,Y,2/23/2023
Arcadia,Deep Fork South - timbered,Brush Pile,cedar trees,35.628,-97.386,11.5,Y,N,2/23/2023
Arcadia,Spencer Creek Point - house foundation,Brush Pile,cedar trees,35.639,-97.367,14,Y,N,2/23/2023
Arcadia,Tinker Creek East - snag,Brush Pile,cedar trees,35.627,-97.369,11,N,N,2/23/2023
Arcadia,15th St. - House foundation point,Brush Pile,cedar trees,35.64,-97.381,11,N,N,2/23/2023
Arcadia,Spring creek dock (Rustys dock),Combination,Cedar trees & spider blocks,35.63627,-97.3783,15,N,Y,2/23/2023
Arcadia,Cottonwood Campground,Brush Pile,Cedar trees,35.64507,-97.37982,8,Y,Y,7/10/2018
Arcadia,Spring Crk. Rip-rap,Brush Pile,Cedar trees,35.64132,-97.38199,16,Y,Y,7/10/2018
Arcadia,Spring creek rip-rap south(Dicks hole),Brush Pile,Cedar trees,35.64062,-97.38148,10,N,Y,7/10/2018
Arcadia,Parking lot point,Brush Pile,Cedar trees,35.64214,-97.38269,0,N,Y,7/10/2018
Arcadia,Spring Crk. Boat Ramp,Brush Pile,Cedar trees,35.64251,-97.38359,0,N,Y,7/10/2018
Arcadia,Comanche Pavilion cove,Brush Pile,Cedar trees,35.64219,-97.38508,0,Y,N,7/10/2018
Arcadia,Edmond Park point,Brush Pile,Cedar trees,35.64632,-97.38677,0,Y,Y,7/10/2018
Arcadia,"Lake patrol cove, North",Brush Pile,Cedar trees,35.64815,-97.38549,0,N,Y,7/10/2018
Arcadia,Creek Pavilion Point,Brush Pile,Cedar trees,35.64573,-97.37491,8,N,Y,7/10/2018
Arcadia,Covered Spring Ck. Dock,Brush Pile,Cedar trees,35.6422,-97.38347,15,N,Y,7/10/2018
Arcadia,Overlook point,Brush Pile,Cedar trees,35.64953,-97.36683,10,N,Y,7/10/2018
Arcadia,Old brush row,Brush Pile,Cedar trees,35.64209,-97.38615,0,N,N,7/10/2018
Arcadia,Midwest blvd. Bend,Brush Pile,Cedar trees,35.6421,-97.38905,0,N,N,7/10/2018
Arcadia,Spring creek upper,Brush Pile,Cedar trees,35.64306,-97.39039,0,N,N,7/10/2018
Arcadia,Spencer Creek Bluff,Brush Pile,Cedar trees,35.63705,-97.3625,15,N,N,7/5/2013
Arcadia,Spring Creek Mouth North,Brush Pile, ,35.64481,-97.379,8,Y,Y,1/1/2010
Arcadia,Spring Creek Dock,Brush Pile, ,35.64238,-97.38493,8,N,Y,1/1/2010
Arcadia,Edmond Park Ramp,Brush Pile, ,35.64626,-97.38672,10,Y,Y,1/1/2010
Arcadia,Central State Cove East,Brush Pile, ,35.64582,-97.3752,11,N,Y,1/1/2010
Arcadia,Spring Creek South (Mid Creek),Brush Pile, ,35.64317,-97.39053,12,N,Y,1/1/2010
Arcadia,Spring Creek South,Brush Pile, ,35.6425,-97.38904,15,Y,Y,1/1/2010
Arcadia,Comanche Pavilion,Brush Pile, ,35.64213,-97.38572,15,Y,Y,1/1/2010
Arcadia,Spring Creek Heated Dock,Brush Pile, ,35.64238,-97.38313,15,Y,Y,1/1/2010
Arcadia,Spring Creek South Rip Rap,Brush Pile, ,35.64154,-97.38224,0,Y,Y,1/1/2010
Ardmore City,Fishing Dock,Combination,Spider blocks & cedar trees,34.222893,-97.157116,9,Y,Y,12/4/2023
Ardmore City,Far North Cove,Brush Pile,Cedar trees,34.228611,-97.156944,14,Y,N,12/3/2023
Ardmore City,Cove East of Ramp,Brush Pile,Cedar trees,34.223028,-97.15125,13,Y,N,12/2/2023
Ardmore City,SE of Ramp,Brush Pile,Cedar trees,34.221556,-97.152972,14,Y,N,12/1/2023
Ardmore City Lake,South of fishing dock,Brush Pile,Cedar trees,34.22199,-97.15728,17,Y,N,12/5/2023
Ardmore City Lake,Southeast of Ramp,Brush Pile,Cedar trees,34.221556,-97.152972,17,Y,N,2/3/2016
Ardmore City Lake,Cove East of Ramp,Brush Pile,Cedar trees,34.223028,-97.15125,18,N,N,2/3/2016
Ardmore City Lake,Far North Cove,Brush Pile,Cedar trees,34.228611,-97.156944,18,Y,N,2/3/2016
Ardmore City Lake,Spider block site at fishing dock,Spider Blocks,Spider blocks,34.22289,-97.15711,9,N,Y,2/3/2016
Beggs,Boat Ramp,Brush Pile,13 Cedar Trees,35.74265,-96.02613,17,Y,Y,8/6/2019
Beggs,Telephone Poles,Brush Pile,11 Cedar Trees,35.74558,-96.02295,18,Y,N,8/6/2019
Beggs,North Bank,Brush Pile,9 Cedar Trees,35.7467,-96.02036,7,Y,Y,8/6/2019
Bell Cow,NE island,Brush Pile, ,35.735633,-96.91925,0,Y,Y,<Null>
Bell Cow,Fishing dock,Brush Pile, ,35.730283,-96.929033,0,Y,Y,<Null>
Bell Cow,Area C East bank,Brush Pile, ,35.731366,-96.937366,0,Y,Y,<Null>
Bixhoma,Mainlake point,Brush Pile,Assorted hardwood trees,35.89268,-95.79975,14,N,Y,9/18/2018
Bixhoma,Mainlake point,Brush Pile,Assorted hardwood trees,35.89258,-95.7998,20,N,N,9/18/2018
Bixhoma,North Bank,Brush Pile,Assorted hardwood trees,35.89282,-95.7984,18,N,Y,9/18/2018
Bixhoma, ,Brush Pile,Assorted hardwood trees,35.89583,-95.7974,12,N,N,9/18/2018
Bixhoma,Near Southwest dock,Brush Pile,Assorted hardwood trees,35.89464,-95.8017,10,N,Y,9/18/2018
Bixhoma,Near Southwest dock,Brush Pile,Assorted hardwood trees,35.89597,-95.80082,15,N,N,9/18/2018
Bixhoma,West Bank,Brush Pile,Assorted hardwood trees,35.89197,-95.80204,14,N,Y,9/18/2018
Bixhoma,South Bank,Brush Pile,Assorted hardwood trees,35.89019,-95.79587,12,N,N,9/18/2018
Bixhoma, ,Brush Pile,Assorted hardwood trees,35.88986,-95.79616,12,N,Y,9/18/2018
Bixhoma,South Bank,Brush Pile,Assorted hardwood trees,35.88987,-95.79749,14,N,Y,9/18/2018
Bluestem,Spillway Cove,Spider Blocks,Spider Blocks,36.69739,-96.39658,9,Y,y,12/18/2017
Bluestem,Spillway Cove,Spider Blocks,Spider Blocks,36.69378,-96.39655,13,Y,Y,12/18/2017
Broken Bow,Broken Bow 3,Other,Artificial structure,34.1771,-94.725,18,N,N,12/15/2023
Broken Bow,Broken Bow 4,Other,King Jacks,34.1936,-94.6589,18,N,N,12/15/2023
Broken Bow,Broken Bow 7,Other,Wood structures,34.1992,-94.6971,18,N,N,12/15/2023
Broken Bow,Broken Bow 1,PVC Structure,Cubes,34.1658,-94.7076,18,N,N,12/15/2023
Broken Bow,Broken Bow 9,PVC Structure,Cubes,34.1694,-94.707,18,N,N,12/15/2023
Broken Bow,Broken Bow 2,PVC Structure,Cubes,34.1849,-94.7337,18,N,N,12/15/2023
Broken Bow,Broken Bow 10,PVC Structure,Cubes,34.1814,-94.7165,18,N,N,12/15/2023
Broken Bow,Broken Bow 6,PVC Structure,Cubes,34.1822,-94.6681,18,N,N,12/15/2023
Broken Bow,Broken Bow 5,PVC Structure,Cubes,34.1636,-94.6647,18,N,N,12/15/2023
Broken Bow,Broken Bow 8,PVC Structure,Cubes,34.2133,-94.7,18,N,N,12/15/2023
Brusht,SE cove near camping,Brush Pile,5 large cedars along shoreline,35.540437,-94.816809,5,N,Y,2/5/2021
Brushy,South side of lake,Brush Pile,3 large cedars,35.539148,-94.819818,13,Y,N,2/5/2021
Brushy,fishing dock,Brush Pile,3 large cedars,35.540162,-94.818985,7.5,N,Y,2/5/2021
Brushy,NW corner of lake,Brush Pile,6 large cedars,35.536669,-94.826815,22,Y,N,2/5/2021
Brushy,North central part of lake,Brush Pile,6 large cedars,35.54473,-94.82369,14,Y,N,2/5/2021
Brushy,North central part of lake,Brush Pile,3 large cedars,35.54341,-94.82415,20,N,N,2/5/2021
Brushy,West side camping area,Brush Pile,3 large cedars,35.54181,-94.81966,11,N,Y,2/5/2021
Burtschi,North of East Ramp,Brush Pile, ,34.96814,-98.06525,0,N, ,<Null>
Burtschi,Roadside,Brush Pile, ,34.96913,-98.07506,0,N, ,<Null>
Burtschi,Southeast of West Ramp,Brush Pile, ,34.9665,-98.06316,0,N, ,<Null>
Burtschi,South Shore,Brush Pile, ,34.966,-98.06903,0,N, ,<Null>
Burtschi,Dam,Brush Pile, ,34.96534,-98.06315,0,Y, ,<Null>
Burtschi,South Boat Ramp,Gravel Pile,Jetti,34.967614,-98.073153,0, , ,<Null>
Burtschi,Northwest Corner of Bridge,Brush Pile,Hardwood,34.970347,-98.075569,0,N,Y,7/9/2017
Canton,Canadian,Brush Pile,cedar trees,36.093333,-98.606667,8,Y,Y,12/28/2016
Canton,Big Ben,Brush Pile,cedar trees,36.119444,-98.613611,8,Y,Y,12/28/2016
Canton,Canidian  Handicap pier,Brush Pile,cedar trees,36.091111,-98.605278,8,Y,Y,12/28/2016
Canton,dam south pullout,Brush Pile,cedar trees,36.0875,-98.594444,12,Y,Y,12/28/2016
Canton,dam middle pullout,Brush Pile,cedar trees,36.091944,-98.585833,12,Y,Y,12/28/2016
Canton,dam north pullout,Brush Pile,cedar trees,36.096111,-98.578333,12,Y,Y,12/28/2016
Canton Reservoir,Indian Cove,Brush Pile, ,36.085583,-98.600967,4,N,Y,<Null>
Canton Reservoir,1st Jetty East,Brush Pile, ,36.086833,-98.593883,6,N,Y,<Null>
Canton Reservoir,Rock Jetty,Brush Pile, ,36.0887,-98.589667,6,N,Y,<Null>
Canton Reservoir,Walleye Shed,Brush Pile, ,36.090667,-98.605167,6,N,Y,<Null>
Canton Reservoir,Cantonment Point,Brush Pile, ,36.091283,-98.606683,6,N,Y,<Null>
Canton Reservoir,Indian Cove,Brush Pile, ,36.092333,-98.611583,6,N,N,<Null>
Canton Reservoir,3rd Jetty East,Brush Pile, ,36.095933,-98.577733,6,N,Y,<Null>
Canton Reservoir,Middle Jetty East,Brush Pile, ,36.091233,-98.585767,7,N,Y,<Null>
Canton Reservoir,Canadian No Wake Buoy,Brush Pile, ,36.085067,-98.605583,8,Y,N,<Null>
Canton Reservoir,1st Jetty West,Brush Pile, ,36.086233,-98.59465,10,N,Y,<Null>
Canton Reservoir,Canadian Park Area,Brush Pile, ,36.090067,-98.605933,10,N,Y,<Null>
Canton Reservoir,Middle Jetty West,Brush Pile, ,36.091233,-98.586517,10,N,Y,<Null>
Canton Reservoir,3rd Jetty West,Brush Pile, ,36.095333,-98.578483,10,N,Y,<Null>
Canton Reservoir,Red Bluff Cove,Brush Pile, ,36.10235,-98.61275,10,N,N,<Null>
Carl Albert,C Albert BR 1,Brush Pile, ,34.768611,-95.072222,0,Y,Y,12/8/2021
Carl Albert,C Albert BR 2,Brush Pile, ,34.774722,-95.068333,0,Y,Y,12/8/2021
Carl Blackwell,New Ramp Cove,Spider Blocks, ,36.1305,-97.2072,5,N,Y,1/1/2010
Carl Blackwell,Highway 51C Rip-Rap,Spider Blocks, ,36.1152,-97.2086,6,N,Y,1/1/2010
Carl Blackwell,Cabin Cove,Spider Blocks, ,36.1313,-97.2115,6,N,Y,1/1/2010
Carlton,Carlton Brush 3,Brush Pile, ,34.976667,-95.3625,0,N,N,1/16/2021
Carlton,Carlton Brush 1,Brush Pile, ,34.978056,-95.361111,0,N,N,1/16/2021
Carlton,Carlton Brush 2,Brush Pile, ,34.978333,-95.363333,0,N,N,1/16/2021
Cedar Lake,Cedar BR 4,Spider Blocks,Super spider,34.77862,-94.69592,0,N,N,2/23/2021
Cedar Lake,Cedar BR 3,Combination,Super spider and brush,34.77857,-94.69726,0,N,Y,2/23/2021
Cedar Lake,Cedar BR 5,Combination,Super spider and brush,34.78268,-94.69458,0,N,Y,2/23/2021
Cedar Lake,Cedar BR 6,Combination,Super spider,34.78276,-94.69385,0,Y,Y,2/23/2021
Cedar Lake,Cedar BR 2,Spider Blocks,Super spider,34.77882,-94.70067,0,N,N,2/23/2021
Cedar Lake,Cedar BR 1,Combination,Super Spider and brush,34.77869,-94.69943,0,Y,Y,2/23/2021
Chambers,East Side of Lake,Brush Pile, ,36.7245,-100.215267,3,N,Y,<Null>
Chambers,West End (Bridge),Brush Pile, ,36.718,-100.215,3,N,Y,<Null>
Chambers,East End (Bridge),Brush Pile, ,36.718,-100.214,3,N,Y,<Null>
Chambers,West Side of Lake,Brush Pile, ,36.7251,-100.21375,4,N,Y,<Null>
Chambers,West Side of Lake,Brush Pile, ,36.728133,-100.2145,4,N,Y,<Null>
Chambers,South Side of Lake,Brush Pile, ,36.721,-100.217,4,N,Y,<Null>
Chambers,Dam Area (East Side),Brush Pile, ,36.719667,-100.213933,5,N,Y,<Null>
Chambers,Dam,Brush Pile, ,36.727517,-100.213433,5,N,Y,<Null>
Chambers,West Side of Lake,Brush Pile, ,36.7251,-100.216767,6,N,Y,<Null>
Chambers,Jetti South of boat ramp,Brush Pile,cedar trees,36.728333,-100.214167,6,Y,Y,12/9/2015
Chambers,Dam,Brush Pile,cedar trees,36.729167,-100.212222,12,Y,Y,12/9/2015
Chambers,Jetti east side,Brush Pile,cedar trees,36.727222,-100.210556,6,Y,Y,12/9/2015
Chambers,stick ups west cove,Brush Pile,cedar trees,36.726389,-100.213611,10,Y,N,12/9/2015
Chickasha,Cellar Point #3,Brush Pile, ,35.14144,-98.14891,8,Y, ,<Null>
Chickasha,Northeast of Boat Ramp,Brush Pile, ,35.14922,-98.12899,8,Y, ,<Null>
Chickasha,Fish House,Brush Pile, ,35.13357,-98.12806,10,Y, ,<Null>
Chickasha,West End of Dam,Brush Pile, ,35.13193,-98.13883,10,Y,Y,<Null>
Chickasha,Caddo Point #2,Brush Pile, ,35.13749,-98.14415,10,Y, ,<Null>
Chimney Rock Lake,North Site,Brush Pile, ,36.25526,-95.09335,0,Y,Y,<Null>
Chimney Rock Lake,North Site 2,Brush Pile, ,36.25836,-95.09109,0,Y,N,<Null>
Chimney Rock Lake,BLK1,Combination,Spider blocks/spawning bench/geoweb,36.249427,-95.082957,0,N, ,1/1/2006
Chimney Rock Lake,BLK2,Combination,Spider blocks/spawning bench/geoweb,36.246091,-95.108222,0,N, ,1/1/2006
Chimney Rock Lake,BLK3,Combination,Spider blocks/spawning bench/geoweb,36.241882,-95.105864,0,N, ,1/1/2006
Chimney Rock Lake,BLK4,Combination,Spider blocks/spawning bench,36.233621,-95.099523,0,N, ,1/1/2006
Chimney Rock Lake,BLK5,Combination,Spider blocks/spawning bench/geoweb,36.249323,-95.096572,0,N, ,1/1/2006
Church,Church BR 6,Tire Reefs, ,34.878333,-95.339722,10,N,N,2/28/2019
Church,Church Brush 1,Brush Pile, ,34.87838,-95.33477,6,Y,Y,2/27/2019
Church,Church Brush 2,Brush Pile, ,34.877785,-95.331497,14,Y,N,2/27/2019
Church,Church Brush 3,Brush Pile, ,34.87516,-95.34173,10,N,N,2/27/2019
Church,Church Brush 4,Brush Pile, ,34.87833,-95.33972,17,N,N,2/27/2019
Church,Church Brush 5,Brush Pile, ,34.88168,-95.33571,17,Y,N,2/27/2019
Clayton,Clayton BR 2,Brush Pile, ,34.539722,-95.312778,0,Y,N,1/1/2020
Clayton Lake,Clatyton BR 1,Brush Pile,brush,34.537658,-95.3104,0,Y,N,12/30/2019
Clayton Lake,Clayton BR 3,Brush Pile,brush,34.541509,-95.308526,0,Y,Y,12/30/2019
Coon Creek Lake,Coon CK BR 2,Brush Pile,brush,34.97621,-95.34748,11.5,Y,N,1/15/2021
Crystal Beach,Jetties north of bridge,Brush Pile,cedar trees,36.424722,-99.3725,6,Y,Y,3/17/2016
Crystal Beach,Along bridge south side,Brush Pile,cedar trees,36.423056,-99.373056,6,N,Y,3/17/2016
Dead Warrior,Black Kettle National Grassland,Spider Blocks,2'-4' pvc pipe,35.745733,-99.717925,17,N,y,4/13/2016
Dead Warrior,Black Kettle National Grassland,Spider Blocks,2'-4' pvc pipe,35.746533,-99.716386,12,N,N,4/12/2016
Dead Warrior,Black Kettle National Grassland,Spider Blocks,2'-4' pvc pipe,35.746419,-99.717556,18,N,Y,4/11/2016
Dead Warrior,Black Kettle National Grassland,Spider Blocks,2'-4' pvc pipe,35.747489,-99.717553,14,N,Y,4/10/2016
Dead Warrior,Black Kettle National Grassland,Spider Blocks,2'-4' pvc pipe,35.749564,-99.720481,8,N,Y,4/9/2016
Doc Hollis,Fishing Dock,Spider Blocks,22 small spider blocks,34.990142,-99.791106,5,N,Y,8/8/2022
Doc Hollis,na,Brush Pile,cedars,34.992639,-99.791025,8,N,Y,3/17/2022
Doc Hollis,na,Brush Pile,cedars,34.991631,-99.795139,5,N,Y,3/17/2022
Doc Hollis,na,Brush Pile,cedars,34.991816,-99.794796,5,N,Y,3/17/2022
Doc Hollis,na,Brush Pile,cedars,34.991658,-99.795555,3,N,Y,3/17/2022
Doc Hollis,na,Brush Pile,cedars,34.992029,-99.795708,3,N,Y,3/17/2022
Doc Hollis,na,Brush Pile,cedars,34.992442,-99.796273,3,N,Y,3/17/2022
Doc Hollis,na,Brush Pile,cedar-row of 8 cedar trees,34.993063,-99.795649,5,N,Y,3/17/2022
Doc Hollis,na,Brush Pile,cedars,34.99307,-99.790991,6,N,Y,3/17/2022
Doc Hollis,na,Brush Pile,cedars,34.993291,-99.79064,8,N,Y,3/17/2022
Doc Hollis,na,Brush Pile,cedars,34.991524,-99.79443,4,N,Y,3/17/2022
Doc Hollis,na,Brush Pile,cedars,34.992197,-99.795739,6,N,Y,3/17/2022
Doc Hollis,na,Brush Pile,cedars,34.992197,-99.796285,5,N,Y,3/17/2022
Doc Hollis,na,Combination,brush and rock pile,34.992888,-99.794709,6,N,Y,3/17/2022
Doc Hollis,na,Gravel Pile,Rock pile,34.993056,-99.795501,5,N,Y,3/17/2022
Doc Hollis,na,Gravel Pile,gravel pile at makeshift road,34.991513,-99.795522,2,N,Y,3/17/2022
Doc Hollis,Fishing Dock,Combination,Stake bed and rock pile,34.990086,-99.790909,4,N,Y,8/3/2020
Doc Hollis,West side of dam,Combination,Stake bed and rock pile,34.989947,-99.793105,3,N,Y,8/3/2020
Doc Hollis,NA,Other,Stake bed,34.991161,-99.791121,3,N,Y,8/3/2020
Doc Hollis,NA,Other,Stake bed,34.990842,-99.791133,3,N,Y,8/3/2020
Dock Hollis,na,Brush Pile,cedars,34.993296,-99.79061,5,N,Y,3/17/2022
Dripping Springs,Campground,Brush Pile, ,35.5642,-96.108233,0,Y,Y,3/2/2010
Dustin,"Rock outcrop west bank, east of camping area",Combination,Cedar trees and 10 spider blocks,35.27354,-96.00522,10,N,Y,12/20/2019
Dustin,"Rock outcrop, west bank, southeast of pavillion",Brush Pile,Cedar trees,35.27244,-96.00512,10,N,Y,12/19/2019
Eagle,Beak Point,Spider Blocks, ,35.467222,-97.455833,6,Y,Y,1/1/2006
Eagle,Southeast Corner,Spider Blocks, ,35.467222,-97.451111,6,N,N,1/1/2006
Eagle,Boat Ramp,Spider Blocks, ,35.4675,-97.453889,6,N,Y,1/1/2006
Eagle,Blowout Point,Spider Blocks, ,35.468056,-97.457222,6,N,Y,1/1/2006
Eagle,East Dyke,Spider Blocks, ,35.468333,-97.450833,6,Y,Y,1/1/2006
Eagle,Thompson Point,Spider Blocks, ,35.469167,-97.455833,6,N,Y,1/1/2006
Eagle,Sunny Point,Spider Blocks, ,35.469444,-97.4525,6,Y,Y,1/1/2006
Eagle Lake,Boat Ramp Cove North,PVC Structure,PVC Cube,35.467348,-97.455063,6,N,Y,1/1/2023
Eagle Lake,Boat Ramp Cove North,PVC Structure,PVC Cube,35.467381,-97.454551,7,N,Y,1/1/2023
Eagle Lake,Boat Ramp Cove,PVC Structure,PVC Cube,35.466995,-97.453962,9,N,Y,1/1/2023
Eagle Lake,Boat Ramp Cove South,PVC Structure,PVC Cube,35.465992,-97.45551,6,N,Y,1/1/2023
Eagle Lake,Boat Ramp Cove South,PVC Structure,PVC Cube,35.466137,-97.456599,6,N,Y,1/1/2023
Eagle Lake,Boat Ramp Cove South,PVC Structure,PVC Cube,35.466569,-97.458218,7,N,Y,1/1/2023
Elk City,Elk City,PVC Structure,PVC,35.36439,-99.414976,0,N,Y,3/31/2025
Elk City,Elk City,PVC Structure,PVC,35.364479,-99.414272,0,N,Y,3/31/2025
Elk City,Elk City,PVC Structure,PVC,35.364425,-99.408557,0,N,Y,3/31/2025
Elk City,Elk City,PVC Structure,PVC,35.365161,-99.409349,0,N,Y,3/31/2025
Elk City,Elk City,PVC Structure,PVC,35.358596,-99.406622,0,N,Y,3/31/2025
Elk City,Elk City,PVC Structure,PVC,35.356684,-99.41217,0,N,Y,3/31/2025
Elk City,Elk City,PVC Structure,PVC,35.356093,-99.412189,0,N,Y,3/31/2025
Elk City,Elk City,PVC Structure,PVC,35.355886,-99.412352,0,N,Y,3/31/2025
Elk City,Elk City,PVC Structure,PVC,35.361682,-99.416338,0,N,Y,3/31/2025
Elk City,Elk City,PVC Structure,PVC,35.366119,-99.416575,0,N,Y,3/31/2025
Elk City,Elk City,PVC Structure,PVC,35.367719,-99.416082,0,N,Y,3/31/2025
Elk City,Elk City,PVC Structure,PVC,35.367549,-99.416391,0,N,Y,3/31/2025
Ellsworth,NA,Brush Pile,Cedars,34.79408,-98.33232,10,N,N,2/1/2021
Ellsworth,NA,Brush Pile,Cedars,34.79475,-98.32969,15,Y,N,2/1/2021
Ellsworth,NA,Brush Pile,Cedars,34.79561,-98.3289,6,N,Y,2/1/2021
Ellsworth, ,Brush Pile,Cedars,34.79606,-98.32845,8,Y,N,2/1/2021
Ellsworth, ,Brush Pile,Cedars,34.79632,-98.32826,4,N,Y,2/1/2021
Ellsworth, ,Brush Pile,Cedars,34.79678,-98.328227,6,N,Y,2/1/2021
Ellsworth, ,Brush Pile,Cedars,34.79676,-98.33491,3,N,Y,2/1/2021
Ellsworth, ,Brush Pile,Cedars,34.79746,-98.33614,4,N,Y,2/1/2021
Ellsworth, ,Brush Pile,Cedars,34.79601,-98.33616,22,N,N,2/1/2021
Ellsworth, ,Brush Pile,Cedars,34.79689,-98.337,25,Y,N,2/1/2021
Ellsworth, ,Brush Pile,Cedars,34.79689,-98.33879,23,N,N,2/1/2021
Ellsworth, ,Brush Pile,Cedars,34.79557,-98.3398,25,N,N,2/1/2021
Ellsworth, ,Brush Pile,Cedars,34.79485,-98.3389,6,N,Y,2/1/2021
Ellsworth, ,Brush Pile,Cedars,34.80051,-98.33914,15,Y,N,2/1/2021
Ellsworth, ,Brush Pile,Cedars,34.80166,-98.33919,6,N,Y,2/1/2021
Ellsworth, ,Brush Pile,Cedars,34.834,-98.3738,10,N,N,2/1/2021
Ellsworth, ,Brush Pile,Cedars,34.83448,-98.37462,10,N,N,2/1/2021
Ellsworth, ,Brush Pile,Cedars,34.83578,-98.37211,6,N,Y,2/1/2021
Ellsworth, ,Brush Pile,Cedars,34.83227,-98.37184,6,N,Y,2/1/2021
Ellsworth, ,Brush Pile,Cedars,34.83227,-98.37248,4,N,Y,2/1/2021
Ellsworth, ,Brush Pile,Cedars,34.825824,-98.37025,6,N,Y,2/1/2021
Ellsworth, ,Brush Pile,Cedars,34.826094,-98.37015,6,N,Y,2/1/2021
Ellsworth, ,Brush Pile,Cedars,34.826301,-98.37026,5,N,Y,2/1/2021
Ellsworth, ,Brush Pile,Cedars,34.826603,-98.3704,6,N,Y,2/1/2021
Ellsworth, ,Brush Pile,Cedars,34.80056,-98.3398,8,N,Y,2/1/2021
Elmer,Southwest Jetty,Brush Pile, ,35.879833,-97.988667,5,N,Y,<Null>
Elmer,West Dam,Brush Pile, ,35.8807,-97.9875,5,N,Y,<Null>
Elmer,End of 2nd Jetty East Side,Brush Pile, ,35.882233,-97.9905,5,N,Y,<Null>
Elmer,Middle 2nd & 3rd Jetty East,Brush Pile, ,35.882317,-97.990183,5,N,Y,<Null>
Elmer,Middle 2nd & 3rd Jettys West,Brush Pile, ,35.880517,-97.989833,6,N,Y,<Null>
Elmer,Middle 1st & 2nd Jettys East,Brush Pile, ,35.881683,-97.9901,6,N,Y,<Null>
Elmer,Middle 1st & 2nd Jetty North,Brush Pile, ,35.8834,-97.990383,6,N,Y,<Null>
Elmer,Double Poles,Brush Pile, ,35.880983,-97.989517,7,N,Y,<Null>
Elmer,Pole-South End Dam,Brush Pile, ,35.87975,-97.988267,8,N,Y,<Null>
Elmer,North Post Middle Channel,Brush Pile, ,35.882133,-97.990683,10,N,N,<Null>
Elmer,Drain Structure,Brush Pile, ,35.880117,-97.9878,12,N,Y,<Null>
Elmer Thomas, ,Brush Pile, ,34.73408,-98.52391,0,N, ,<Null>
Elmer Thomas, ,Brush Pile, ,34.7298,-98.51784,0,Y, ,<Null>
Elmer Thomas, ,Brush Pile, ,34.72065,-98.52554,0,N, ,<Null>
Etling,Black Mesa State park,Brush Pile,juniper tree,36.8475,-102.868611,0,N,Y,6/18/2018
Etling,Black Mesa State park,Brush Pile,juniper tree,36.848056,-102.871389,0,N,N,6/17/2018
Etling,Black Mesa State park,Brush Pile,juniper tree,36.8475,-102.872222,0,N,Y,6/16/2018
Etling,Black Mesa State park,Brush Pile,juniper tree,36.847222,-102.873611,0,N,Y,6/14/2018
Etling,Black Mesa State park,Brush Pile,juniper tree,36.8475,-102.8775,0,N,Y,6/12/2018
Etling,Black Mesa State park,Brush Pile,juniper tree,36.848056,-102.879444,0,Y,Y,6/11/2018
Etling,Black Mesa State park,Brush Pile,juniper tree,36.849167,-102.87,0,N,N,6/10/2018
Etling,Black Mesa State park,Brush Pile,juniper tree,36.848889,-102.868889,0,Y,N,6/9/2018
Etling,Black Mesa State park,Brush Pile,juniper tree,36.850278,-102.869167,0,N,Y,6/8/2018
Etling,Black Mesa State park,Brush Pile,juniper tree,36.848889,-102.867778,0,N,Y,6/7/2018
Etling,Black Mesa State park,Brush Pile,juniper tree,36.849167,-102.8675,0,Y,Y,6/6/2018
Etling,Black Mesa State park,Brush Pile,juniper tree,36.848056,-102.868056,0,N,Y,6/5/2018
Euafaula,Elm Point,Brush Pile,cedars,35.01377,-95.59776,0,N,N,6/3/2021
Euafuala,"Ladybird Landing, Evergreen Cove",Brush Pile,Cedar trees,35.29956,-95.37661,0,N,Y,9/16/2019
Eucha,Sawmill Point,Brush Pile,Cedars,36.34475,-94.876883,46,Y,N,8/26/2015
Eucha,Bolton,Brush Pile,Cedars,36.35435,-94.83,6,Y,Y,8/25/2015
Eucha,Hider Hollow,Brush Pile,Cedars,36.35165,-94.88989,26,Y,N,8/25/2015
Eucha,Blackfox Cave,Brush Pile,Cedars,36.34481,-94.85235,29,Y,N,8/25/2015
Eucha,Mid Lake,Brush Pile,60+ cedar trees,36.34955,-94.86866,0,N,N,8/25/2015
Eucha,Lower Lake,Brush Pile,Cedars,36.36414,-94.89776,0,N,N,8/25/2015
Eucha,Lower Lake,Brush Pile,Cedars,36.35891,-94.89906,0,N,N,8/25/2015
Eucha,Mid Lake,Brush Pile,60 + Cedar trees,36.34955,-94.86866,0,N,N,8/25/2015
Eucha,Lower Lake,Brush Pile,Cedar tree brush row,36.36414,-94.89776,0,N,N,8/25/2015
Eucha,Lower Lake,Brush Pile,Cedar tree brush row,36.35891,-94.89906,0,N,N,8/25/2015
Eufaula,Alta-Vista Dev. - W Cove,Combination,Cedars & Spiders,35.227916,-95.524222,0,Y,N,<Null>
Eufaula,Arrowhead Lodge Ramp Cove,Combination,Cedars & Spiders,35.143805,-95.623777,0,Y,N,<Null>
Eufaula,Push Hill Cove,Combination,Cedars & Spiders,35.332472,-95.509,0,Y,N,<Null>
Eufaula,McNack Cove,Combination,Cedars & Spiders,35.480472,-95.686805,0,Y,N,<Null>
Eufaula,Emerald Bay,Combination,Cedars & Spiders,35.4695,-95.616638,0,Y,N,<Null>
Eufaula,Crowder South,Combination,Cedars & Spiders,35.114805,-95.681805,0,Y,N,<Null>
Eufaula,River Oaks (Eufaula Cove),Combination,Cedars & Spiders,35.278777,-95.574861,0,Y,N,<Null>
Eufaula,Hummingbird Beach-Lake Eufaula State Park,Combination,Spiders and Cedars,35.40203,-95.59758,0,N,Y,<Null>
Eufaula,Crowder City Park,Combination,Spiders and Cedars,35.12047,-95.67589,0,N,Y,<Null>
Eufaula,Old roadbed off Hwy 9A,Combination,Spiders and Cedars,35.22156,-95.58908,0,N,Y,<Null>
Eufaula,Porum,PVC Structure,MossBack,35.35627,-95.39031,0,Y,Y,6/5/2024
Eufaula,Porum,PVC Structure,MossBack,35.33303,-95.40478,0,Y,N,6/5/2024
Eufaula,Bixby,PVC Structure,MossBack,35.34995,-95.35401,0,Y,Y,6/5/2024
Eufaula,Porum,PVC Structure,MossBack,35.33484,-95.37655,0,Y,N,6/5/2024
Eufaula,Porum,PVC Structure,MossBack,35.3402,-95.38863,0,Y,N,6/5/2024
Eufaula,Porum,PVC Structure,MossBack,35.35546,-95.39372,0,Y,Y,6/5/2024
Eufaula,Porum,PVC Structure,MossBack,35.355667,-95.391931,0,N,Y,6/5/2024
Eufaula,Porum Bridge,PVC Structure,MossBack,35.35843,-95.39771,0,N,N,6/5/2024
Eufaula,Porum Bridge,PVC Structure,MossBack,35.35803,-95.39695,0,N,N,6/5/2024
Eufaula,Porum Bridge,PVC Structure,MossBack,35.35697,-95.3991,0,N,N,6/5/2024
Eufaula,Porum Bridge,PVC Structure,MossBack,35.35781,-95.39737,0,N,N,6/5/2024
Eufaula,Eufaula Cove,PVC Structure,MossBack,35.27761,-95.5751,0,N,N,5/2/2024
Eufaula,Eufaula Cove,PVC Structure,MossBack,35.27667,-95.57828,0,N,Y,5/2/2024
Eufaula,Eufaula Cove,PVC Structure,MossBack,35.28525,-95.57314,0,N,N,5/2/2024
Eufaula,Eufaula Cove,PVC Structure,MossBack,35.28393,-95.56772,0,N,Y,5/2/2024
Eufaula,Eufaula Cove,PVC Structure,MossBack,35.276672,-95.574339,0,Y,Y,5/2/2024
Eufaula,Onapa,PVC Structure,2 Cubes,35.41835,-95.57803,17,N,N,3/5/2024
Eufaula,Onapa,PVC Structure,3 Cubes,35.41773,-95.57856,25,N,N,3/5/2024
Eufaula,Onapa,PVC Structure,2 Cubes,35.42318,-95.57904,10,N,N,3/5/2024
Eufaula,Onapa,PVC Structure,2 Cubes,35.42,-95.58045,18,N,N,3/5/2024
Eufaula,Onapa,PVC Structure,3 Cubes,35.4223,-95.58107,14,N,N,3/5/2024
Eufaula,Onapa,PVC Structure,2 Cubes,35.42517,-95.58615,13,N,N,3/5/2024
Eufaula,Onapa,PVC Structure,2 Cubes,35.40756,-95.57433,15,Y,N,3/5/2024
Eufaula,Onapa,PVC Structure,3 Cubes,35.40162,-95.58401,12,N,N,3/5/2024
Eufaula,Onapa,PVC Structure,2 Cubes,35.40853,-95.57423,11,N,Y,3/5/2024
Eufaula,Onapa,PVC Structure,2 Cubes,35.40772,-95.57215,10,N,N,3/5/2024
Eufaula,Onapa,PVC Structure,2 Cubes,35.40682,-95.57339,16,N,N,3/5/2024
Eufaula,Onapa,PVC Structure,2 Cubes,35.411,-95.57084,10,N,N,3/5/2024
Eufaula,Onapa,PVC Structure,2 Cubes,35.40926,-95.57102,17,N,N,3/5/2024
Eufaula,Onapa,PVC Structure,2 Cubes,35.40747,-95.57457,7,N,N,3/5/2024
Eufaula,Onapa,PVC Structure,2 Cubes,35.40754,-95.57219,9,N,Y,3/5/2024
Eufaula,Onapa,PVC Structure,2 Cubes,35.4071,-95.57238,9,N,Y,3/5/2024
Eufaula,Onapa,PVC Structure,2 Cubes,35.40478,-95.57362,10,N,N,3/5/2024
Eufaula,Onapa,PVC Structure,2 Cubes,35.40521,-95.57329,8,N,N,3/5/2024
Eufaula,Onapa,PVC Structure,2 Cubes,35.40246,-95.59693,11,N,N,3/5/2024
Eufaula,Gentry Creek,PVC Structure,2 Cubes,35.45946,-95.606,24,N,N,3/5/2024
Eufaula,Gentry Creek,PVC Structure,2 Cubes,35.45926,-95.60455,22,N,N,3/5/2024
Eufaula,Gentry Creek,PVC Structure,2 Cubes,35.45922,-95.60278,22,N,N,3/5/2024
Eufaula,Gentry Creek,PVC Structure,2 Cubes,35.45986,-95.61072,16,N,N,3/5/2024
Eufaula,Gentry Creek,PVC Structure,2 Cubes,35.45982,-95.60998,20,N,N,3/5/2024
Eufaula,Gentry Creek,PVC Structure,3 Cubes,35.46011,-95.61347,13,N,N,3/5/2024
Eufaula,Gentry Creek,PVC Structure,3 Cubes,35.47971,-95.68651,10,N,Y,3/5/2024
Eufaula,Gentry Creek,PVC Structure,2 Cubes,35.47905,-95.68691,10,N,Y,3/5/2024
Eufaula,Gentry Creek,PVC Structure,3 Cubes,35.49324,-95.65107,10,N,Y,3/5/2024
Eufaula,Gentry Creek,PVC Structure,3 Cubes,35.4897,-95.65196,0,N,Y,3/5/2024
Eufaula,Gentry Creek,PVC Structure,2 Cubes,35.47091,-95.61782,8,Y,N,3/5/2024
Eufaula,Gentry Creek,PVC Structure,2 Cubes,35.46772,-95.60552,10,N,N,3/5/2024
Eufaula,Gentry Creek,PVC Structure,2 Cubes,35.48452,-95.65634,12,N,N,3/5/2024
Eufaula,Gentry Creek,PVC Structure,2 Cubes,35.48355,-95.65759,8,N,N,3/5/2024
Eufaula,Gentry Ceek,PVC Structure,2 Cubes,35.48377,-95.65744,17,N,N,3/5/2024
Eufaula,#9 Landing,PVC Structure,2 Cubes,35.25169,-95.48351,14,N,Y,3/5/2024
Eufaula,#9 Landing,PVC Structure,2 Cubes,35.25164,-95.48328,14,N,Y,3/5/2024
Eufaula,#9 Landing,PVC Structure,2 Cubes,35.23789,-95.49701,14,N,N,3/5/2024
Eufaula,#9 Landing,PVC Structure,2 Cubes,35.23595,-95.48589,15,N,N,3/5/2024
Eufaula,#9 Landing,PVC Structure,2 Cubes,35.23267,-95.4894,14,N,N,3/5/2024
Eufaula,#9 Landing,PVC Structure,2 Cubes,35.22343,-95.49826,11,N,N,3/5/2024
Eufaula,#9 Landing,PVC Structure,1 Cube,35.21379,-95.51017,10,N,N,3/5/2024
Eufaula,Longtown,PVC Structure,2 Cubes,35.22736,-95.52433,14,Y,N,3/5/2024
Eufaula,Longtown,PVC Structure,2 Cubes,35.22434,-95.52589,24,N,N,3/5/2024
Eufaula,Longtown,PVC Structure,2 Cubes,35.20232,-95.52639,15,N,N,3/5/2024
Eufaula,Carlton,PVC Structure,2 Cubes,35.19908,-95.54101,18,N,N,3/5/2024
Eufaula,Carlton,PVC Structure,2 Cubes,35.2024,-95.5408,16,N,N,3/5/2024
Eufaula,Carlton,PVC Structure,2 Cubes,35.20386,-95.54137,13,N,Y,3/5/2024
Eufaula,Millcreek,PVC Structure,2 Cubes,35.24598,-95.70715,11,N,Y,3/5/2024
Eufaula,Millcreek,PVC Structure,2 Cubes,35.24346,-95.70179,11,Y,Y,3/5/2024
Eufaula,Millcreek,PVC Structure,2 Cubes,35.23822,-95.70497,8,Y,N,3/5/2024
Eufaula,Millcreek,PVC Structure,2 Cubes,35.23419,-95.70391,10,Y,N,3/5/2024
Eufaula,Millcreek,PVC Structure,2 Cubes,35.23493,-95.70477,11,Y,N,3/5/2024
Eufaula,Millcreek,PVC Structure,2 Cubes,35.23383,-95.69665,12,N,N,3/5/2024
Eufaula,Millcreek,PVC Structure,3 Cubes,35.23383,-95.69863,17,N,N,3/5/2024
Eufaula,Crowder,Brush Pile,Cedar Trees,35.120277,-95.67775,0,N,Y,2/2/2022
Eufaula,Crowder,Brush Pile,Cedar Trees,35.116555,-95.678888,0,Y,N,2/1/2022
Eufaula,Crowder,Brush Pile,Cedar Trees,35.115933,-95.68175,0,Y,N,2/1/2022
Eufaula,Crowder,Brush Pile,Cedar trees,35.11207,-95.67913,0,Y,N,2/1/2022
Eufaula,Crowder Hwy 69 Bridge,Brush Pile,Cedar trees,35.10644,-95.6941,0,N,Y,2/1/2022
Eufaula,Crowder HWY 69 Brdge,Brush Pile,Cedar trees,35.10638,-95.69464,0,N,N,2/1/2022
Eufaula,Crowder,Brush Pile,Cedar trees,35.11446,-95.68091,0,N,N,2/1/2022
Eufaula,Crowder HWY 69 culvert,Brush Pile,Cedar trees,35.123711,-95.6788,0,N,Y,2/1/2022
Eufaula,Crowder,Brush Pile,Cedar Trees,35.10639,-95.69194,0,N,N,2/1/2022
Eufaula,Crowder Point East,Combination,Cedars & Spiders,35.111555,-95.686833,0,Y,N,2/1/2022
Eufaula,Point north of Crowder Point East - west bank,Combination,Cedar trees and Spider blocks,35.11282,-95.6811,0,Y,N,2/1/2022
Eufaula,South bank between Crowder and Crowder Point East,Combination,Cedar trees and Spider blocks,35.11381,-95.68358,0,Y,N,2/1/2022
Eufaula,Crowder Point East - north camping area,Combination,Cedar trees and Spider blocks,35.1109,-95.68463,0,Y,Y,2/1/2022
Eufaula,Old roadbed between Crowder and Crowder Point East,Combination,Cedar trees and Spider blocks,35.11353,-95.6813,0,Y,N,2/1/2022
Eufaula,Crowder,Combination,Cedar Trees and Spider blocks,35.114805,-95.681805,0,Y,N,2/1/2022
Eufaula,Crowder,Combination,Cedar Trees and Spider blocks,35.120361,-95.6775,0,Y,Y,2/1/2022
Eufaula,Crowder,Combination,Cedar trees and Spider blocks,35.12223,-95.6773,0,Y,Y,2/1/2022
Eufaula,Elm Point between park and Hwy 31,Brush Pile,cedars,35.01307,-95.59807,0,N,Y,6/3/2021
Eufaula,Elm Point between park and Hwy 31,Brush Pile,cedars,35.01289,-95.59816,0,N,Y,6/3/2021
Eufaula,Elm Point between park and Hwy 31,Brush Pile,cedars,35.01278,-95.59824,0,N,Y,6/3/2021
Eufaula,Elm Point between park and Hwy 31,Brush Pile,cedars,35.01268,-95.59827,0,N,Y,6/3/2021
Eufaula,Elm Point between park and Hwy 31,Brush Pile,cedars,35.0125,-95.59826,0,N,N,6/3/2021
Eufaula,Elm Point between park and Hwy 31,Brush Pile,cedars,35.01228,-95.59818,0,N,Y,6/3/2021
Eufaula,Elm Point between park and Hwy 31,Brush Pile,cedars,35.01219,-95.59803,0,N,Y,6/3/2021
Eufaula,Elm Point between park and Hwy 31,Brush Pile,cedars,35.01216,-95.59788,0,N,Y,6/3/2021
Eufaula,Elm Point between park and Hwy 31,Brush Pile,cedars,35.0121,-95.59778,0,N,Y,6/3/2021
Eufaula,Elm Point between park and Hwy 31,Brush Pile,cedars,35.01202,-95.5977,0,N,Y,6/3/2021
Eufaula,Elm Point between park and Hwy 31,Brush Pile,cedars,35.01239,-95.59747,0,N,Y,6/3/2021
Eufaula,East of Hwy 31 bridge at Elm Point,Brush Pile,cedars,35.01225,-95.59608,0,Y,Y,6/3/2021
Eufaula,Old Hwy 31 bridge abuttment NE of Elm Point S end,Brush Pile,cedars,35.01884,-95.59525,0,Y,N,6/3/2021
Eufaula,East of NE Hwy 31 bridge at Elm Point,Brush Pile,cedars,35.01994,-95.59132,0,Y,Y,6/3/2021
Eufaula,Elm Point,Brush Pile,cedars,35.01415,-95.59743,0,N,N,6/3/2021
Eufaula,Crowder,Brush Pile,Cedar Trees,35.111555,-95.686833,0,Y,N,3/18/2020
Eufaula,Crowder,Brush Pile,Cedar Trees,35.1181,-95.68035,0,Y,N,3/18/2020
Eufaula,Crowder,Brush Pile,Cedar Trees,35.112472,-95.679,0,Y,N,3/18/2020
Eufaula,Crowder,Brush Pile,Cedar Trees,35.120138,-95.677472,0,N,Y,3/18/2020
Eufaula,Crowder,Brush Pile,Cedar Trees,35.120416,-95.676777,0,N,Y,3/18/2020
Eufaula,Crowder,Brush Pile,Cedar Trees,35.120472,-95.6765,0,N,Y,3/18/2020
Eufaula,Crowder,Combination,Cedar Trees / Spider Blocks,35.11282,-95.6811,0,Y,N,3/18/2020
Eufaula,Crowder,Combination,Cedar Trees / Spider Blocks,35.1109,-95.68463,0,Y,Y,3/18/2020
Eufaula,Crowder,Combination,Cedar Trees / Spider Blocks,35.12223,-95.63916,0,Y,Y,3/18/2020
Eufaula,Ramp off Bud's Point,Brush Pile,Cedar Trees,35.1037,-95.63271,0,Y,Y,3/17/2020
Eufaula,Ramp off Bud's Point,Brush Pile,Cedar Trees,35.10347,-95.63245,0,N,Y,3/17/2020
Eufaula,Ramp off Bud's Point,Brush Pile,Cedar Trees,35.1034,-95.63217,0,N,Y,3/17/2020
Eufaula,Ramp off Bud's Point,Brush Pile,Cedar Trees,35.10376,-95.63282,0,N,Y,3/17/2020
Eufaula,Blocker Bridge,Brush Pile,Cedar Trees,35.1057,-95.64147,0,N,Y,3/17/2020
Eufaula,Blocker Bridge,Brush Pile,Cedar Trees,35.10683,-95.64281,0,Y,Y,3/17/2020
Eufaula,Blocker Bridge,Brush Pile,Cedar Trees,35.10808,-95.64453,0,Y,Y,3/17/2020
Eufaula,Blocker Bridge,Brush Pile,Cedar Trees,35.10838,-95.64477,0,Y,Y,3/17/2020
Eufaula,Blocker Bridge,Brush Pile,Cedar Trees,35.10852,-95.64484,0,N,Y,3/17/2020
Eufaula,Blocker Bridge,Brush Pile,Cedar Trees,35.10796,-95.64366,0,Y,Y,3/17/2020
Eufaula,Blocker Bridge,Brush Pile,Cedar Trees,35.104267,-95.639367,0,N,Y,3/17/2020
Eufaula,Blocker Bridge,Brush Pile,Cedar Trees,35.10533,-95.641917,0,N,Y,3/17/2020
Eufaula,Blocker Bridge,Brush Pile,Cedar Trees,35.1029,-95.638233,0,N,Y,3/17/2020
Eufaula,Blocker Bridge,Brush Pile,Cedar Trees,35.1051,-95.640367,0,N,Y,3/17/2020
Eufaula,"Ladybird Landing, Evergreen Cove",Brush Pile,Cedar trees,35.29769,-95.3752,0,Y,Y,9/16/2019
Eufaula,"Ladybird Landing, Evergreen Cove",Brush Pile,Cedar trees,35.290916,-95.373444,0,Y,N,9/16/2019
Eufaula,"Ladybird Landing, Evergreen Cove",Brush Pile,Cedar trees,35.294766,-95.373983,0,Y,N,9/16/2019
Eufaula,"Ladybird Landing, Dam Site South",Brush Pile,Cedar trees,35.30322,-95.37317,0,Y,Y,9/16/2019
Eufaula,"Ladybird Landing, Evergreen Cove",Brush Pile,Cedar trees,35.29836,-95.37573,0,Y,Y,9/16/2019
Eufaula,N Shore of Deep Fork campgrounds @ Eufaula StPk,Spider Blocks, ,35.401733,-95.585566,0,Y,Y,5/17/2011
Eufaula,N Shore of Deep Fork campgrounds @ Eufaula StPk,Spider Blocks, ,35.401683,-95.58455,0,Y,Y,5/17/2011
Eufaula,E Shore of Deep Fork campgrounds @ Eufaula StPk,Spider Blocks, ,35.398983,-95.582666,0,Y,Y,5/17/2011
Eufaula,Onapa Cove Ramp,Spider Blocks, ,35.406133,-95.572816,0,Y,Y,5/17/2011
Eufaula,Onapa Cove,Spider Blocks, ,35.407633,-95.574366,0,Y,N,5/17/2011
Eufaula,Onapa Cove,Spider Blocks, ,35.4102,-95.57195,0,Y,N,5/17/2011
Eufaula,Small point west of ramp at marina,Spider Blocks, ,35.4018,-95.591016,0,N,Y,5/17/2011
Eufaula,Cove East of Gentry Creek Landing,Spider Blocks, ,35.49815,-95.650266,0,Y,Y,4/20/2011
Eufaula,Cove East of Gentry Creek Landing,Spider Blocks, ,35.494166,-95.651016,0,Y,Y,4/20/2011
Eufaula,Cove East of Gentry Creek Landing,Spider Blocks, ,35.492666,-95.6511,0,Y,Y,4/20/2011
Eufaula,Cove East of Gentry Creek Landing,Spider Blocks, ,35.490583,-95.651616,0,Y,Y,4/20/2011
Eufaula,Island between Crowder and Crowder Point East,Spider Blocks, ,35.11569,-95.68446,0,Y,N,3/2/2011
Eufaula,Island between Crowder and Crowder Point East,Spider Blocks, ,35.11631,-95.68471,0,Y,N,3/2/2011
Eufaula,Crowder Point East - south ramp,Spider Blocks, ,35.1078,-95.69226,0,Y,N,3/2/2011
Eufaula,Hwy 69 rip-rap at Crowder - south site,Spider Blocks, ,35.11981,-95.68243,0,N,Y,3/2/2011
Eufaula,Hwy 69 rip-rap at Crowder - north site,Spider Blocks, ,35.12176,-95.68047,0,N,Y,3/2/2011
Eufaula,Schoolhouse point bt Crowder and Crowder Point E,Spider Blocks, ,35.11316,-95.67808,0,N,N,3/2/2011
Eufaula,N of Texanna bridge at Porum Landing - North site,Spider Blocks, ,35.36017,-95.4002,0,Y,N,1/26/2011
Eufaula,N of Texanna bridge at Porum Landing - South site,Spider Blocks, ,35.35882,-95.3993,0, ,N,1/26/2011
Eufaula,Ramp off Bud's Point road,Brush Pile, ,35.1037,-95.63271,0,Y,Y,1/25/2011
Eufaula,Ramp off Bud's Point road,Brush Pile, ,35.10347,-95.63245,0,N,Y,1/25/2011
Eufaula,Ramp off Bud's Point road,Brush Pile, ,35.1034,-95.63217,0,N,Y,1/25/2011
Eufaula,Ramp off Bud's Point road,Brush Pile, ,35.10376,-95.63282,0,N,Y,1/25/2011
Eufaula,Blocker bridge,Brush Pile, ,35.1057,-95.64147,0,Y,Y,1/25/2011
Eufaula,Blocker bridge,Brush Pile, ,35.10683,-95.64281,0,Y,Y,1/25/2011
Eufaula,Blocker bridge,Brush Pile, ,35.10718,-95.64333,0,Y,Y,1/25/2011
Eufaula,Blocker bridge,Brush Pile, ,35.10745,-95.64376,0,Y,Y,1/25/2011
Eufaula,Blocker bridge,Brush Pile, ,35.10775,-95.64422,0,Y,Y,1/25/2011
Eufaula,Blocker bridge,Brush Pile, ,35.10808,-95.64453,0,Y,Y,1/25/2011
Eufaula,Blocker bridge,Brush Pile, ,35.10838,-95.64477,0,Y,Y,1/25/2011
Eufaula,Blocker bridge,Brush Pile, ,35.10852,-95.64484,0,N,Y,1/25/2011
Eufaula,Blocker bridge,Brush Pile, ,35.10796,-95.64366,0,Y,Y,1/25/2011
Eufaula,East Gaines Creek Meadows Cove #4,Spider Blocks, ,35.149066,-95.587466,0,Y,N,3/23/2010
Eufaula,East Gaines Creek Meadows Cove #5,Spider Blocks, ,35.153116,-95.588733,0,Y,N,3/23/2010
Eufaula,East Gaines Creek Meadows Cove #1,Spider Blocks, ,35.148916,-95.594783,0,Y,N,3/23/2010
Eufaula,East Gaines Creek Meadows Cove #2,Spider Blocks, ,35.145033,-95.589316,0,Y,N,3/23/2010
Eufaula,East Gaines Creek Meadows Cove #3,Spider Blocks, ,35.146233,-95.58805,0,Y,N,3/23/2010
Eufaula,Arrowhead Cove (west),Spider Blocks, ,35.151533,-95.63025,0,Y,Y,3/20/2010
Eufaula,Arrowhead Cove Campground,Spider Blocks, ,35.146566,-95.626933,0,Y,Y,3/20/2010
Eufaula,Area 51 #1,Spider Blocks, ,35.15735,-95.606683,0,Y,Y,2/24/2010
Eufaula,Area 51 #2,Spider Blocks, ,35.15575,-95.60635,0,Y,Y,2/24/2010
Eufaula,Area 51 #3,Spider Blocks, ,35.155783,-95.605983,0,Y,Y,2/24/2010
Eufaula,Area 51 #4,Spider Blocks, ,35.156366,-95.60485,0,Y,Y,2/24/2010
Eufaula,Area 51 #5,Spider Blocks, ,35.1543,-95.605333,0,Y,Y,2/24/2010
Eufaula,Island between Crowder and Crowder Point East,Spider Blocks, ,35.114916,-95.681333,0,Y,N,1/22/2010
Eufaula,South of Crowder Point East,Spider Blocks, ,35.10675,-95.692783,0,Y,N,1/22/2010
Eufaula,Cardinal Point Road,Spider Blocks, ,35.07285,-95.693016,0,Y,Y,1/22/2010
Eufaula,Elm Point,Combination,Spiders and Cedars,35.01261,-95.59858,0,N,Y,9/18/2009
Eufaula,Island between Cardinal and Juniper Points,Spider Blocks, ,35.061116,-95.672916,0,Y,N,7/31/2009
Eufaula,Arrowhead ramp Cove,Spider Blocks, ,35.143983,-95.623916,0,Y,Y,4/17/2009
Eufaula,Eufaula Cove (Jellystone campground),Spider Blocks, ,35.27831,-95.58028,0,N,Y,5/13/2008
Eufaula,Crowder City Park,Combination,Cedars & Spiders,35.120305,-95.677361,0,Y,Y,1/25/2008
Eufaula,Crowder Fishing Dock,Combination,Cedars & Spiders,35.12,-95.676666,0,Y,Y,1/25/2008
Eufaula,No Name Creek - Fountainhead,Combination,Cedars & Spiders,35.406305,-95.635916,0,Y,N,4/9/2007
Eufaula,Highway 9A,Combination,Cedars & Spiders,35.229166,-95.572,0,Y,N,4/9/2007
Eufaula,Oak Ridge Landing,Combination,Cedars & Spiders,35.213833,-95.600472,0,Y,N,3/16/2007
Eufaula,Longtown Creek,Combination,Cedars & Spiders,35.200277,-95.549861,0,Y,N,3/16/2007
Eufaula,Dam Site South - E Ramp,Combination,Cedars & Spiders,35.302833,-95.373,0,Y,N,3/9/2007
Eufaula,Bixby Creek,Combination,Cedar & Spiders,35.349638,-95.353805,0,Y,Y,3/9/2007
Eufaula,Evergreen Cove,Combination,Cedars & Spiders,35.290916,-95.373444,0,Y,N,3/9/2007
Eufaula,Massey Point Cove,Combination,Cedars & Spiders,35.043944,-95.641611,0,Y,Y,3/7/2007
Eufaula,Mill Creek (Lower),Combination,Cedar & Spiders,35.25355,-95.7105,0,Y,N,3/6/2007
Eufaula,Mill Creek(Middle),Combination,Cedar & Spiders,35.253555,-95.7105,0,Y,N,3/6/2007
Eufaula,Elm Grove Creek,Combination,Cedars & Spiders,35.489472,-95.651583,0,Y,Y,3/6/2007
Eufaula,Mill Creek Landing (East end of Park),Spider Blocks, ,35.25558,-95.69975,0,N,Y,3/30/2006
Eufaula,Oak Grove,Spider Blocks, ,35.25578,-95.72964,0,N,Y,3/30/2006
Eufaula,Mill Creek Landing (Bouy near ramp),Spider Blocks, ,35.25592,-95.70322,0,Y,Y,3/30/2006
Eufaula,Old roadbed off Hwy 31 near Hwy 31 Landing,Spider Blocks, ,34.95842,-95.65381,0,N,Y,3/2/2006
Eufaula,Vireton Road to old roadbed off Hwy 31,Spider Blocks, ,34.97914,-95.61561,0,N,Y,3/2/2006
Eufaula,Dam Site South,Combination,Cedars and Spiders,35.30342,-95.37367,0,N,Y,2/8/2006
Eufaula,Brooken Cove near Crazy Woman Campground,Spider Blocks, ,35.26089,-95.386111,0,N,Y,2/8/2006
Eufaula,Bixby Creek,Spider Blocks, ,35.35008,-95.35392,0,N,Y,2/8/2006
Eufaula Lake,Eufaula Cove Fishing Jetty,PVC Structure,14 Georgia Cubes,35.28369,-95.56802,0,N,Y,3/31/2022
Eufaula Lake,Eufaula Cove,PVC Structure,2 Georgia Cubes,35.28479,-95.57297,0,N,N,3/31/2022
Eufaula Lake,Eufaula Cove,PVC Structure,4 Georgia Cubes,35.28342,-95.56926,0,N,N,3/31/2022
Eufaula Lake,Eufaula Cove,PVC Structure,2 Georgia Cubes,35.28456,-95.57278,0,N,N,3/31/2022
Eufaula Lake,Elm Point,Brush Pile,cedars,35.01921,-95.59504,0,Y,N,6/3/2021
Eufaula Lake,Elm Point,Brush Pile,cedars,35.01231,-95.59646,0,N,Y,6/3/2021
Eufaula Lake,Elm Point,Brush Pile,cedars,35.01931,-95.59459,0,N,Y,6/3/2021
Eufaula Lake,Elm Point,Brush Pile,cedars,35.01884,-95.59381,0,N,N,6/3/2021
Eufaula Lake,Elm Point,Brush Pile,cedars,35.01425,-95.59896,0,N,Y,6/3/2021
Eufaula Lake,Elm Point,Brush Pile,cedars,35.01285,-95.59684,0,N,Y,6/3/2021
Eufuala,Gentry Creek,PVC Structure,3 Cubes,35.46942,-95.61442,8,N,N,3/5/2024
Fort Cobb,Marina Cove Fishing Dock,Brush Pile, ,35.17149,-98.44929,0,Y, ,<Null>
Fort Cobb,Back of Kardokus,Brush Pile, ,35.2004,-98.46331,0,Y, ,<Null>
Fort Cobb,Park Boundry Cove East Side,Brush Pile, ,35.20592,-98.47995,0,Y, ,<Null>
Fort Gibson,14 Mile Area,Brush Pile,8 large cedars; open water pile out from Cherokee,35.913633,-95.234633,17,N,Y,10/15/2020
Fort Gibson,14 Mile Area,Brush Pile,23 cedars; numerous piles along Cherokee shoreline,35.912787,-95.236165,7,N,Y,10/15/2020
Fort Gibson,14 Mile arm,Brush Pile,18 large cedars; brush row following point out,35.90895,-95.233833,15,N,N,10/15/2020
Fort Gibson,"14 Mile Arm, Choctaw area",Brush Pile,"13 large cedars, multiple piles along shore",35.90505,-95.242,6,N,Y,10/15/2020
Fort Gibson,Rocky Point,Brush Pile,14 large cedars,36.03637,-95.33252,13,N,N,8/9/2017
Fort Gibson,Flat Rock Creek,Brush Pile, ,36.05449,-95.33982,8,N,N,4/7/2011
Fort Gibson,Wahoo Bay,Brush Pile, ,35.87941,-95.2748,10,N,Y,4/7/2011
Fort Gibson,Long Bay,Brush Pile, ,35.95811,-95.30396,10,N,N,4/7/2011
Fort Gibson,Long Bay,Brush Pile, ,35.95909,-95.30156,10,N,N,4/7/2011
Fort Gibson,Toppers,Brush Pile,10 Large cedar trees,35.98203,-95.31398,12,N,N,4/7/2011
Fort Gibson,Ranger Creek,Brush Pile, ,35.87674,-95.2238,14,N,N,4/7/2011
Fort Gibson,Wahoo Bay,Brush Pile, ,35.879592,-95.274369,0,N, ,2/17/2010
Fort Gibson,Wahoo Bay,Brush Pile, ,35.879669,-95.273536,0,N, ,2/17/2010
Fort Gibson,Wahoo Bay,Brush Pile, ,35.879365,-95.275056,0,N, ,2/17/2010
Fort Gibson,Wahoo Bay,Brush Pile, ,35.954414,-95.308256,0,N, ,2/17/2010
Fort Gibson,Wahoo Bay,Brush Pile, ,35.876836,-95.224306,0,N, ,2/17/2010
Fort Gibson,Wahoo Bay,Brush Pile, ,35.905508,-95.242872,0,N, ,2/17/2010
Fort Gibson,Wahoo Bay,Brush Pile, ,36.033892,-95.323858,0,N, ,2/17/2010
Fort Supply,Jetties South main boat ramp,Brush Pile,brush rows,36.550833,-99.572222,5,Y,Y,2/15/2022
Fort Supply,Crappie Cove,Brush Pile,brush rows,36.543333,-99.556111,5,Y,Y,2/15/2022
Foss,Cutberth Cove,Brush Pile,cedar trees,35.58021,-99.21196,6,N,N,10/5/2020
Foss,Cutberth Cove,Brush Pile,cedar trees,35.584722,-99.211111,11,N,Y,10/5/2020
Foss,Cutberth Fishing Jetty,Brush Pile,cedar trees,35.57705,-99.21691,11,N,Y,10/5/2020
Foss,Island south of swimming area,Brush Pile,cedar trees,35.573056,-99.193333,12,N,Y,10/5/2020
Foss,"Red Bluff, across from marina",Brush Pile,Cedar trees,35.53598,-99.19092,19,Y,Y,10/5/2020
Foss,Cutberth Cove,Brush Pile,cedar trees,35.582778,-99.211111,11,Y,N,10/5/2020
Foss,"Fishing dock, main ramp",Brush Pile,cedar trees,35.536389,-99.194444,12,Y,Y,10/5/2020
Foss,Cedar Point,Brush Pile,brush row,35.451389,-99.195278,10,N,Y,10/5/2020
Foss,Sandy Beach,Brush Pile,brush row,35.55234,-99.20503,8,N,Y,10/5/2020
Foss,Cutberth Cove,Brush Pile,cedar trees,35.57705,-99.21359,10,N,N,10/5/2020
Foss,Red Bluff across from Marina,Brush Pile,cedar trees,35.537778,-99.189167,7,Y,Y,12/4/2017
Foss,Sandy Beach,Brush Pile,brush row,35.551389,-99.203889,6,Y,Y,12/4/2017
Foss,Cutberth cove,Brush Pile,cedar trees,35.5775,-99.216389,11,Y,Y,12/5/2012
Foss,Cutberth cove,Brush Pile,cedar trees,35.578056,-99.211389,26,Y,N,12/5/2012
Foss,Cutberth cove,Brush Pile,cedar trees,35.578056,-99.213611,10,Y,N,12/5/2012
Foss,Cutberth cove,Brush Pile,cedar trees,35.5775,-99.211111,6,N,N,12/5/2012
Foss Reservoir,Soldier Creek North,Brush Pile, ,35.57775,-99.212017,6,Y,Y,<Null>
Foss Reservoir,Marina Cove,Brush Pile, ,35.534033,-99.18995,10,Y,N,<Null>
Foss Reservoir,Marina Cove,Brush Pile, ,35.53585,-99.1922,10,N,N,<Null>
Foss Reservoir,Marina Camping Area,Brush Pile, ,35.54225,-99.203917,10,Y,N,<Null>
Foss Reservoir,No Wake Buoy,Brush Pile, ,35.53645,-99.18995,14,Y,N,<Null>
Foss Reservoir,No Wake Buoy,Brush Pile, ,35.53705,-99.18995,14,Y,N,<Null>
FT Gibson,Long Bay,Brush Pile,4 large cedars,35.9533,-95.315,17,N,N,3/3/2022
FT Gibson,Long Bay,Brush Pile,5 large cedars,35.9591,-95.3077,19,N,N,3/3/2022
FT Gibson,Long Bay,Brush Pile,8 large cedars,35.9656,-95.3026,19,N,N,3/3/2022
FT Gibson,Long Bay bluff,Brush Pile,7 large cedars,35.962,-95.2888,21,N,N,3/3/2022
FT Gibson,Taylor Ferry bluff,Brush Pile,2 large cedars,35.9541,-95.2888,21,N,N,3/3/2022
Ft Gibson,Hickory Creek,Brush Pile,5 large cedars,35.9498,-95.257,21,N,N,3/3/2022
Ft Gibson,Hickory Creek,Brush Pile,3 large cedars,35.948,-95.2632,20,N,N,3/3/2022
FT Gibson,Earbob,Brush Pile,2 cedar trees,36.082301,-95.25084,5,N,Y,10/25/2016
Ft. Gibson,Earbob,Brush Pile, ,36.082668,-95.244406,0, , ,<Null>
Ft. Gibson,Wahoo Bay,PVC Structure,2 Shelbyville Cubes,35.87953,-95.27442,11,N,Y,4/6/2023
Ft. Gibson,Mallard Bay Bluff,PVC Structure,2 Shelbyville Cubes,35.87338,-95.24654,20,N,N,4/6/2023
Ft. Gibson,Mallard Bay,PVC Structure,2 Shelbyville Cubes,35.8677,-95.26811,20,N,N,4/6/2023
Ft. Gibson,Mouth of Wahoo Bay,PVC Structure,2 Shelbyville Cubes,35.88274,-95.26626,20,N,N,4/6/2023
Ft. Gibson,Sequoyah Golf Course,PVC Structure,2 Shelbyville Cubes,35.89077,-95.24441,21,N,N,4/6/2023
Ft. Gibson,Paradise Cove ramp,Brush Pile,3 large cedar trees,35.91815,-95.266966,5,N,Y,12/18/2019
Ft. Gibson,Paradise Cove ramp,Brush Pile,6 large cedar trees,35.919133,-95.266616,6,N,Y,12/18/2019
Ft. Gibson,Paradise Cove ramp,Brush Pile,4 large cedars,35.920333,-95.26635,3,n,Y,12/18/2019
Ft. Gibson,Paradise Cove ramp,Brush Pile,1 large cedar,35.917273,-95.26542,3,N,Y,12/18/2019
Ft. Gibson,Paradise Cove ramp,Brush Pile,18 cedars in row,35.917129,-95.266093,8,N,Y,12/18/2019
Ft. Gibson,Flat Rock Creek,Brush Pile,19 large cedars,36.046694,-95.331166,10,N,Y,8/9/2017
Ft. Gibson,Flat Rock Creek,Brush Pile,8 large cedars,36.039233,-95.337417,6,N,Y,8/9/2017
Ft. Gibson,Earbob,Brush Pile,3 large cedars,36.083142,-95.249037,4,n,Y,10/25/2016
Ft. Gibson,Earbob,Brush Pile,3 large cedars,36.081522,-95.249529,5,N,Y,10/25/2016
Ft. Gibson,Earbob,Brush Pile,3 large cedars,36.082672,-95.246308,5,N,Y,10/25/2016
Ft. Gibson,Earbob,Brush Pile,6 large cedars,36.083029,-95.250776,8,N,N,10/25/2016
Ft. Gibson,Earbob,Brush Pile,4 large cedars,36.08216,-95.249746,6,N,Y,10/25/2016
Ft. Gibson,Earbob,Brush Pile,3 large cedars,36.083499,-95.249508,6,N,Y,10/25/2016
Ft. Gibson,Earbob,Brush Pile,2 large cedars,36.081733,-95.248523,5,N,Y,10/25/2016
Ft. Gibson,Earbob,Brush Pile,6 large cedar trees,36.083692,-95.25083,10,N,Y,10/25/2016
Ft.. Gibson,Paradise Cove ramp,Brush Pile,6 large cedars,35.9212,-95.266333,12,N,Y,12/18/2019
Gov Springs,Gov Springs 1,PVC Structure,Mossback Structure,36.39203,-97.87148,6,N,Y,5/15/2025
Gov Springs,Gov Springs 2,PVC Structure,Mossback Structure,36.39183,-97.87062,6,N,Y,5/15/2025
Gov Springs,Gov Springs 3,PVC Structure,Mossback Structure,36.39192,-97.86992,6,N,Y,5/15/2025
Gov Springs,Gov Springs 4,PVC Structure,Mossback Structure,36.39161,-97.86954,6,N,Y,5/15/2025
Gov Springs,Gov Springs 5,PVC Structure,Mossback Structure,36.39162,-97.87052,6,N,Y,5/15/2025
Gov Springs,Gov Springs 6,PVC Structure,Mossback Structure,36.39167,-97.87093,6,N,Y,5/15/2025
Gov Springs,Gov Springs 7,PVC Structure,Mossback Structure,36.39177,-97.87129,6,N,Y,5/15/2025
Grand,Mid Lake,Brush Pile,Hardwood trees,36.55506,-94.84071,0,N,N,7/11/2019
Grand,Mid Lake,Brush Pile,Hardwood trees,36.57248,-94.90317,0,N,N,7/11/2019
Grand,Mid Lake,Brush Pile,Hardwood trees,36.57344,-94.8989,0,N,N,7/11/2019
Grand,Mid Lake,Brush Pile,Hardwood trees,36.58029,-94.90293,0,N,N,7/11/2019
Grand,Mid Lake,Brush Pile,Hardwood trees,36.58043,-94.90262,0,N,N,7/11/2019
Grand,Mid Lake,Brush Pile,Hardwood trees,36.58043,-94.90237,0,N,N,7/11/2019
Grand,Mid Lake,Brush Pile,Hardwood trees,36.58149,-94.90075,0,N,N,7/11/2019
Grand,Mid Lake,Brush Pile,Hardwood trees,36.58991,-94.90609,0,N,N,7/11/2019
Grand,Mid Lake,Brush Pile,Hardwood trees,36.59062,-94.90593,0,N,N,7/11/2019
Grand,Mid Lake,Brush Pile,Hardwood trees,36.59228,-94.90649,0,N,N,7/11/2019
Grand,Mid Lake,Brush Pile,Hardwood trees,36.59917,-94.9034,0,N,N,7/11/2019
Grand,Mid Lake,Brush Pile,Hardwood trees,36.58902,-94.91883,0,N,N,7/11/2019
Grand,Mid Lake,Brush Pile,Hardwood trees,36.58626,-94.9174,0,N,N,7/11/2019
Grand,Mid Lake,Brush Pile,Hardwood trees,36.59789,-94.90775,0,N,N,7/10/2018
Grand,Mid Lake,Brush Pile,Hardwood trees,36.59962,-94.90327,0,N,N,7/10/2018
Grand,Mid Lake,Brush Pile,Hardwood trees,36.58206,-94.90134,0,N,N,7/10/2018
Grand,Mid Lake,Brush Pile,Hardwood trees,36.58293,-94.90036,0,N,N,7/10/2018
Grand,Mid Lake,Brush Pile,Hardwood trees,36.57765,-94.88735,0,N,N,7/10/2018
Grand,Mid Lake,Brush Pile,Hardwood trees,36.57528,-94.89184,0,N,N,7/10/2018
Grand,Mid Lake Bernice Pier,Spider Blocks,75+ spider blocks,36.623867,-94.908103,0,Y,Y,7/8/2016
Grand,Mid Lake Horse Creek,Spider Blocks,25+ spider blocks,36.57535,-94.917127,0,N,N,7/8/2016
Grand,Big Hollow Mid Lake,Brush Pile,90+ cedar trees,36.52956,-94.91014,0,Y,N,9/3/2014
Grand,Mid Lake Big Hollow,Brush Pile,90 + Cedar trees,36.52956,-94.91014,0,Y,N,9/3/2014
Grand Lake,Mid Lake,PVC Structure,Mossback: 10 Safe Haven,36.59903,-94.86757,0,N,N,8/3/2022
Grand Lake,Mid Lake,PVC Structure,Mossback: 10 Safe Haven,36.6256,-94.8586,0,N,N,8/3/2022
Grand Lake,Lower Lake,PVC Structure,Mossback: 9 Safe Haven,36.50787,-94.94688,0,N,N,8/1/2022
Grand Lake,Lower Lake,PVC Structure,Mossback: 10 Safe Haven,36.51555,-94.93083,0,N,N,8/1/2022
Grand Lake,Mid Lake,PVC Structure,Mossback: 5 Safe Haven,36.60079,-94.827454,0,N,N,7/26/2022
Grand Lake,Mid Lake,PVC Structure,Mossback: 10 Safe Haven,36.0099,-94.82644,0,N,N,7/26/2022
Grand Lake,Mid Lake,PVC Structure,"Mossback: 16 Safe Haven, 1 Trophy Tree, 1 Cons Cube",36.57265,-94.90353,0,N,N,7/22/2022
Grand Lake,Mid Lake,PVC Structure,"Mossback: 12 Safe Haven, 2 XL Trophy Tree, 1 Cons Cube",36.58842,-94.9205,0,N,N,7/22/2022
Grand Lake,Lower Lake,PVC Structure,"Mossback: 9 Safe Havens, 1 Trophy Tree XL Laydown",36.48881,-94.89778,0,N,N,7/20/2022
Grand Lake,Lower Lake,PVC Structure,Mossback: 6 Safe Haven,36.48421,-94.88826,0,N,N,7/20/2022
Grand Lake,Mid Lake,PVC Structure,3 Georgia Cubes,36.5376,-94.83824,0,N,N,7/15/2022
Grand Lake,Mid Lake,PVC Structure,3 Georgia Cubes,36.53674,-94.83467,0,N,N,7/15/2022
Grand Lake,Mid Lake,PVC Structure,3 Georgia Cubes,36.5305,-94.84347,0,N,N,7/15/2022
Grand Lake,Mid Lake,PVC Structure,3 Georgia Cubes,36.60068,-94.82732,0,N,N,7/14/2022
Grand Lake,Mid Lake,PVC Structure,3 Georgia Cubes,36.59773,-94.84426,0,N,N,7/14/2022
Grand Lake,Mid Lake,PVC Structure,3 Georgia Cubes,36.60188,-94.82573,0,N,N,7/14/2022
Grand Lake,Lower Lake,PVC Structure,3 Georgia Cubes,36.50871,-95.02009,0,N,N,7/8/2022
Grand Lake,Lower Lake,PVC Structure,3 Georgia Cubes,36.51195,-95.02327,0,N,N,7/8/2022
Grand Lake,Lower Lake,PVC Structure,3 Georgia Cubes,36.50935,-95.02058,0,N,N,7/8/2022
Grand Lake,Mid Lake,PVC Structure,3 Georgia Cubes,36.63904,-94.91909,0,N,N,7/7/2022
Grand Lake,Mid Lake,PVC Structure,3 Georgia Cubes,36.60299,-94.91327,0,N,N,7/7/2022
Grand Lake,Mid Lake,PVC Structure,3 Georgia Cubes,36.61304,-94.91177,0,N,N,7/7/2022
Grand Lake,Mid Lake,PVC Structure,3 Georgia Cubes,36.58858,-94.92073,0,N,N,6/24/2022
Grand Lake,Mid Lake,PVC Structure,3 Georgia Cubes,36.58864,-94.9217,0,N,N,6/24/2022
Grand Lake,Mid Lake,PVC Structure,3 Georgia Cubes,36.58879,-94.92242,0,N,N,6/24/2022
Grand Lake,Mid Lake,PVC Structure,3 Georgia Cubes,36.65724,-94.80105,0,N,N,6/22/2022
Grand Lake,Mid Lake,PVC Structure,3 Georgia Cubes,36.64866,-94.79697,0,N,N,6/22/2022
Grand Lake,Mid Lake,PVC Structure,3 Georgia Cubes,36.6327,-94.79228,0,N,N,6/22/2022
Grand Lake,Lower Lake,PVC Structure,3 Georgia Cubes,36.55759,-94.97672,0,N,N,6/14/2022
Grand Lake,Lower Lake,PVC Structure,3 Georgia Cubes,36.55184,-94.9742,0,N,N,6/14/2022
Grand Lake,Lower Lake,PVC Structure,3 Georgia Cubes,36.54736,-94.96683,0,N,N,6/14/2022
Grand Lake,Honey Creek,Other,15 MossBack structures,36.56224,-94.80353,0,N,N,7/28/2020
Grand Lake,Honey Creek,Other,27 MossBack structures,36.57586,-94.79674,0,N,N,7/28/2020
Grand Lake,Honey Creek,Other,30 MossBack structures,36.56626,-94.81722,0,N,N,7/28/2020
Grand Lake,Honey Creek,Other,20 MossBack structures,36.57712,-94.79729,0,N,N,7/28/2020
Grand Lake,Honey Creek,Other,22 MossBack structures,36.56666,-94.77294,0,N,N,7/28/2020
Grand Lake,Honey Creek,Other,21 MossBack structures,36.5711,-94.80487,0,N,N,7/28/2020
Grand Lake,Honey Creek,Other,10 MossBack structures,36.576743,-94.781722,0,N,Y,7/28/2020
Grand Lake,Honey Creek,Other,22 MossBack structures,36.57582,-94.79121,0,N,N,7/28/2020
Grand Lake,Honey Creek,Other,17 MossBack Structures,36.57079,-94.80572,0,N,N,7/28/2020
Grand Lake,Honey Creek,Other,34 MossBack structures,36.568854,-94.795724,0,N,N,7/28/2020
Grand Lake,Honey Creek,Other,22 MossBack structures,36.555389,-94.821322,0,N,N,7/28/2020
Greenleaf,Dam Site,Brush Pile, ,35.61857,-95.16736,0,N,N,<Null>
Greenleaf,Old Boat Ramp,Brush Pile, ,35.621008,-95.165825,0,N,Y,<Null>
Greenleaf,Park Bluffs,Brush Pile, ,35.624681,-95.162074,0,N,Y,<Null>
Greenleaf,Engineer's Cove,Brush Pile, ,35.632107,-95.160676,0,N,N,<Null>
Greenleaf,Salt Spring Cove,Brush Pile, ,35.634443,-95.153294,0,N,N,<Null>
Greenleaf,Mary's Cove Point,Brush Pile, ,35.63768,-95.1526,0,N,N,<Null>
Greenleaf,Cypress Island,Brush Pile, ,35.617308,-95.163714,0,N,N,<Null>
Greenleaf,Amphibious Landing,Brush Pile, ,35.64087,-95.15678,0,N,N,<Null>
Greenleaf,Handicapped cabin,Spider Blocks, ,35.61989,-95.16645,0,N,Y,<Null>
Greenleaf,Cove,Brush Pile,2 large cedars,35.6212,-95.1573,18,Y,N,2/14/2022
Greenleaf,W. Bank bluff,Brush Pile,3 huge cedars,35.6271,-95.1622,22,N,N,2/14/2022
Greenleaf,Mary's cove,Brush Pile,7 large cedars,35.6379,-95.1516,15,Y,N,2/14/2022
Greenleaf,Mary's Cove,Brush Pile,3 large cedars,35.638127,-95.150862,12,N,N,10/7/2019
Greenleaf,Cove,Brush Pile,8 large cedars,35.621166,-95.157274,18,Y,N,10/7/2019
Greenleaf,Handicapped Pier,Brush Pile,4 large cedars,35.62205,-95.16391,11,N,Y,10/7/2019
Greenleaf,Fishing dock 2,Brush Pile,2 cedar trees,35.621498,-95.165554,8,N,Y,10/11/2016
Greenleaf,Cabin of the Woods dock,Brush Pile,2 cedars,35.619518,-95.166669,10,N,Y,10/11/2016
Greenleaf, ,Spider Blocks, ,35.61803,-95.16077,10, , ,3/4/2010
Greenleaf, ,Spider Blocks, ,35.61803,-95.15824,10,N,N,3/4/2010
Greenleaf, ,Spider Blocks,17 Spider Blocks,35.61718,-95.16375,12,N,N,3/4/2010
Greenleaf, ,Spider Blocks,15 Spider Blocks,35.6392,-95.15685,12,N,N,3/4/2010
Greenleaf, ,Spider Blocks,18 Spider Blocks,35.6189,-95.1671,13,N,N,3/4/2010
Greenleaf, ,Spider Blocks, ,35.61505,-95.16551,14,N,N,3/4/2010
Greenleaf, ,Spider Blocks, ,35.64447,-95.14941,14,N,N,3/4/2010
Greenleaf,Cove,Spider Blocks, ,35.618257,-95.160986,10,N,N,11/4/2009
Greenleaf,Cedar Hollow,Spider Blocks,8 Spider Blocks,35.62144,-95.15774,13,N,N,11/3/2009
Griffin,Fish Feeder,PVC Structure,PVC Cube,35.237314,-97.426632,10,N,Y,1/1/2023
Griffin,North Shore,PVC Structure,PVC Cube,35.237279,-97.426988,6,N,Y,1/1/2023
Griffin,Dam,PVC Structure,PVC Cube,35.237127,-97.427527,7,N,Y,1/1/2023
Griffin,Dam,PVC Structure,PVC Cube,35.236824,-97.427628,8,N,Y,1/1/2023
Hartshorne Lake,North of ramp near dam,Brush Pile,brush,34.82099,-95.56666,0,Y,Y,1/5/2020
Hartshorne Lake,South of ramp,Brush Pile,brush,34.820171,-95.564885,0,Y,Y,1/5/2020
Haskell City Lake,Handicapped Fishing Dock,Spider Blocks, ,35.841524,-95.715018,0,N,Y,12/19/2008
Healdton Lake,Cove NE of ramp,Brush Pile,Cedar trees,34.23966,-97.44665,12,Y,Y,7/17/2020
Healdton Lake,West of fishing dock,Brush Pile,Cedar trees,34.24189,-97.45695,12,Y,N,7/16/2020
Healdton Lake,East of fishing dock,Brush Pile,Cedar trees,34.23999,-97.45235,14,Y,N,7/16/2020
Healdton Lake,NW cove,Brush Pile,Cedar trees,34.24496,-97.45904,11,Y,N,7/16/2020
Healdton Lake,Fishing dock,Spider Blocks,Spder blocks,34.24009,-97.45392,9,Y,Y,12/13/2013
Hefner,Cement Breakwater,Brush Pile,Cedar trees,35.553056,-97.595,10,N,Y,<Null>
Hefner,Rip Rap Breakwater,Brush Pile,Cedar trees,35.551389,-97.5925,10,N,Y,<Null>
Hefner,Fishing Pier 1,Brush Pile,Cedar trees,35.547222,-97.593889,10,N,Y,<Null>
Hefner,Enclosed Fishing Pier,Brush Pile,Cedar trees,35.555278,-97.596111,0,N,Y,7/4/2012
Hefner,Fishing Pier 2,Brush Pile,Cedar trees,35.5525,-97.596667,10,N,Y,7/4/2012
Heyburn,Main lake point,Brush Pile,Cedar trees,35.953383,-96.305217,12,N,N,7/24/2019
Heyburn,East island,Brush Pile,Cedar trees,35.95245,-96.2963,10,N,N,7/24/2019
Heyburn,East point,Brush Pile,Cedar trees,35.9589,-96.301617,15,N,N,7/24/2019
Heyburn,Main pool,Brush Pile,Cedar trees,35.952233,-96.304267,14,N,N,7/24/2019
Heyburn,Main pool,Brush Pile,Cedar trees,35.950317,-96.302133,13,N,N,7/24/2019
Heyburn,Main lake point,Brush Pile,Cedar trees,35.953917,-96.304967,16,N,N,7/24/2019
Heyburn,Northeast cove,PVC Structure,Tall pvc structure,35.963817,-96.297533,12,N,N,7/24/2019
Holdenville,Fishing Dock,PVC Structure,Shelbyville Cubes,35.033554,-96.369375,0,N,Y,2/1/2024
Holdenville,Holdenville Lake,PVC Structure,Shelbyville Cubes,35.03716,-96.35501,0,N,Y,2/1/2024
Holdenville,Indian Church area,Combination,Starfish and cedar trees,35.029083,-96.360533,0,Y,Y,12/18/2019
Holdenville,Metal retaining wall south of fishing dock,Spider Blocks,12 spider blocks,35.032914,-96.369647,0,N,Y,12/18/2019
Holdenville,Shallow flat,Other,1 Starfish,35.034737,-96.356432,0,N,N,9/11/2014
Holdenville,North bank half way up lake,Other,Starfish,35.03275,-96.3606,0,N,N,9/11/2014
Holdenville,Cemetery Point,Other,Starfish,35.033466,-96.356316,0,N,N,9/11/2014
Holdenville Lake,Ski area - South bank,Combination,Cedars and Spiders,35.029016,-96.360233,0,Y,Y,<Null>
Holdenville Lake,East point at mouth of Wingo neck,Combination,Cedars and Spiders,35.038866,-96.351016,0,Y,N,12/19/2019
Holdenville Lake,West point at mouth of Wingo neck,Combination,Cedars and Spiders,35.03925,-96.35205,0,Y,N,12/19/2019
Holdenville Lake,Indian Cemetery Cove,Brush Pile, ,35.032433,-96.356733,0,Y,Y,12/18/2019
Holdenville Lake,Mid-lake north cove site 3,Combination,Cedars and Spiders,35.0365,-96.3571,0,Y,N,12/18/2019
Holdenville Lake,Mid-lake flat site 1,Combination,Cedars and Spiders,35.03545,-96.354566,0,Y,N,12/18/2019
Holdenville Lake,Mid-lake flat site 2,Combination,Cedars and Spiders,35.037166,-96.354216,0,Y,N,12/18/2019
Holdenville Lake,Fishing Dock,Combination,Cedars and Spiders,35.03355,-96.369366,0,N,Y,12/18/2019
Holdenville Lake,Boat Ramp Cove,Combination,Cedars and Spiders,35.034416,-96.369694,0,Y,Y,12/18/2019
Holdenville Lake,Mid-lake north point site 1,Combination,Cedars and Spiders,35.0361,-96.3547,0,Y,N,12/18/2019
Holdenville Lake,Mid-lake north cove site 1,Combination,Cedars and Spiders,35.036233,-96.357733,0,Y,Y,12/18/2019
Holdenville Lake,Mid-lake north cove site 2,Combination,Cedars and Spiders,35.037833,-96.356666,0,Y,N,12/18/2019
Holdenville Lake,SW point of back island,Combination,Cedars and Spiders,35.038233,-96.350616,0,Y,N,4/10/2010
Holdenville Lake,Mid-lake north point site 2,Spider Blocks,Spiders,35.038016,-96.355483,0,n,y,4/9/2010
Holdenville Lake,Old road bed west of Wingo neck,Spider Blocks, ,35.0388,-96.353166,0,N,N,4/9/2010
Hudson,Mid Lake,Brush Pile,90 + Cedar trees,36.34615,-95.14142,0,N,N,<Null>
Hudson,Ray's Cove,Brush Pile, ,36.40437,-95.1423,9,Y,Y,<Null>
Hudson,Mid Lake,PVC Structure,PVC trees,36.37088,-95.12415,0,N,Y,7/10/2018
Hudson,Mid Lake,PVC Structure,PVC trees,36.3711,-95.12373,0,N,Y,7/10/2018
Hudson,Mid Lake,PVC Structure,PVC trees,36.3705,-95.12481,0,N,Y,7/10/2018
Hudson,Mid Lake,PVC Structure,PVC trees,36.36987,-95.126,0,N,Y,7/10/2018
Hudson,Mid Lake,PVC Structure,PVC trees,36.36885,-95.128,0,N,Y,7/10/2018
Hudson,Mid Lake,PVC Structure,PVC trees,36.36866,-95.12901,0,N,Y,7/10/2018
Hudson,Mid Lake,PVC Structure,PVC trees,36.36838,-95.12946,0,N,Y,7/10/2018
Hudson,Mid Lake,PVC Structure,PVC trees,36.36765,-95.13068,0,N,Y,7/10/2018
Hudson,Mid Lake,PVC Structure,PVC trees,36.304547,-95.172313,0,N,N,7/9/2017
Hudson,Mid Lake Hwy 20,PVC Structure,PVC trees,36.295813,-95.168941,0,N,Y,7/9/2017
Hudson,Mid Lake Hwy 20 Bridge,PVC Structure,PVC trees,36.29421,-95.165269,0,N,Y,7/9/2017
Hudson,Mid Lake Hwy 20,PVC Structure,PVC trees,36.2928,-95.16174,0,Y,Y,7/9/2017
Hudson,Mid Lake,Brush Pile,90+ cedar trees,36.34615,-95.14142,0,N,N,8/20/2014
Hugo,Hugo Brush 4,Brush Pile,brush,34.019722,-95.416389,12,Y,N,1/26/2020
Hugo,Hugo Brush 9,Brush Pile,brush,34.023333,-95.398611,12,Y,N,1/26/2020
Hugo,Hugo Brush 5,Brush Pile,brush,34.024722,-95.400556,12,N,Y,1/26/2020
Hugo,Hugo Brush 2,Brush Pile,brush,34.025833,-95.411667,12,N,Y,1/26/2020
Hugo,Hugo Brush 3,Brush Pile,brush,34.0325,-95.440833,12,Y,N,1/26/2020
Hugo,Hugo Brush 8,Brush Pile, ,34.035,-95.427222,12,Y,N,1/26/2020
Hugo Lake,Hugo brush 11,Brush Pile,brush,34.03976,-95.38016,12,N,N,1/25/2020
Hugo Lake,Hugo Brush 7,Brush Pile,brush,34.04319,-95.38201,12,Y,N,1/25/2020
Hugo Lake,Hugo Brush 10,Brush Pile,brush,34.02616,-95.38006,12,Y,N,1/25/2020
Jean Neustadt,West Arm - South Side,Brush Pile, ,34.290556,-97.173889,11,Y, ,2/4/2016
Jean Neustadt,Cove North of Ramp,Brush Pile, ,34.286667,-97.171667,12,Y, ,2/4/2016
Jean Neustadt,West Arm - West Side,Brush Pile, ,34.291944,-97.176944,12,Y, ,2/4/2016
Jean Neustadt,East Arm - East Side Next to Interstate,Brush Pile, ,34.293333,-97.160833,12,Y, ,2/4/2016
Jean Neustadt,Cove South of Ramp,Brush Pile, ,34.284722,-97.171944,13,Y, ,2/4/2016
Jean Neustadt,West Arm - North Cove,Brush Pile, ,34.291944,-97.172222,13,Y, ,2/4/2016
Jean Neustadt,NW Side of East Arm,Brush Pile, ,34.294722,-97.164722,13,Y, ,2/4/2016
Jean Neustadt,East of Dam,Brush Pile, ,34.283056,-97.166389,14,Y, ,2/4/2016
Jean Neustadt,SW Side of East Arm,Brush Pile, ,34.291667,-97.164722,14,Y, ,2/4/2016
Jean Neustadt,Fishing Pier,Spider Blocks, ,34.286036,-97.172031,0,N, ,7/28/2009
Jim Hall,Dam ramp,Brush Pile,10 Cedar trees,35.417518,-95.923643,0,Y,Y,12/4/2019
Jim Hall,Legion point 1,Brush Pile,10 Cedar trees,35.40605,-95.9308,0,Y,Y,12/4/2019
Jim Hall,Legion point 2,Brush Pile,10 Cedar trees,35.411416,-95.9245,0,Y,Y,12/4/2019
Jim Hall,South camping area,Brush Pile,10 Cedar trees,35.4108,-95.925866,0,Y,Y,12/4/2019
Kaw,Beaver Creek Bridge,Spider Blocks,Spider Blocks,36.85458,-96.80644,0,N,Y,3/18/2016
Kaw,Bear Creek Old Bridge,Spider Blocks,Spider Blocks,36.82841,-96.90602,0,N,Y,3/16/2016
Kaw,Wolf Creek Bridge,Spider Blocks,Spider Blocks,36.88086,-96.9596,0,N,Y,3/15/2016
Kaw,Washunga Bay,Spider Blocks,Spider Blocks,36.79314,-96.83754,0,N,Y,3/14/2016
Kaw,Pioneer Cove Old Dock,Spider Blocks,Spider Blocks,36.7583,-96.85785,0,N,Y,3/13/2016
Kaw,McFadden Marina RipRap,Spider Blocks,Spider Blocks,36.7053,-96.93382,0,N,Y,3/12/2016
Kaw,Osage Cove RipRap,Spider Blocks,Spider Blocks,36.70899,-96.90019,0,N,Y,3/11/2016
Kaw,Osage Cove Fishing Dock,Spider Blocks,Spider Blocks,36.70931,-96.89998,0,N,Y,3/10/2016
Kaw,Shipwreck 2,Sunken Boat,Sunken Boat/Spider Block,36.750598,-96.836858,18,N,N,3/19/2014
Kaw,Shipwreck 3,Sunken Boat,Sunken Boat/Spider Block,36.750497,-96.83657,18,N,N,3/19/2014
Kaw,Shipwreck 1,Sunken Boat,Sunken Boat/Spider Block,36.750569,-96.836398,18,N,N,3/13/2014
Kaw,Osage Cove North,Brush Pile, ,36.717,-96.900633,15,N,Y,1/1/2010
Kaw,NOC Cove,Combination,Brush Pile,36.755317,-96.890683,14,N,N,1/1/2010
Kaw,Osage Cove North,Combination,Brush Pile,36.716233,-96.901983,14,N,Y,1/1/2010
Kaw,Sarge Creek Point,Combination,Tire/Brush,36.76015,-96.807967,14,Y,N,1/1/2001
Kaw,Rock Quarry Cove,Combination,Tire/Brush,36.7744,-96.813033,14,Y,Y,1/1/2001
Kaw,Sarge Creek Cove,Sunken Boat, ,36.760783,-96.805683,11,N,N,1/1/2001
Keystone,Washington Irving Cove,Brush Pile,Cedar trees,36.20025,-96.25843,13,N,Y,9/21/2022
Keystone,Washington Irving Cove,Brush Pile,Cedar trees,36.201696,-96.25669,15,N,N,9/21/2022
Keystone,Washington Irving Cove,Brush Pile,Cedar trees,36.201466,-96.257744,16,N,N,9/21/2022
Keystone,Washington Irving Cove,Brush Pile,Cedar trees,36.201434,-96.259375,14,N,N,9/21/2022
Keystone,Washington Irving Cove,Brush Pile,Cedar trees,36.200446,-96.258616,13,N,Y,9/21/2022
Keystone,Washington Irving Cove,Brush Pile,Cedar trees,36.200238,-96.258176,13,N,Y,9/21/2022
Keystone,Salt Creek,Brush Pile,Cedar trees,36.12,-96.33,0,N,N,9/14/2016
Keystone,Salt Creek,Brush Pile,Cedar trees,36.12,-96.33,0,N,N,9/14/2016
Keystone,Salt Creek,Brush Pile,Cedar trees,36.12,-96.33,0,N,N,9/14/2016
Keystone,Salt Creek,Brush Pile,Cedar trees,36.12,-96.33,0,N,N,9/14/2016
Keystone,Salt Creek,Brush Pile,Cedar trees,36.12,-96.33,0,N,N,9/14/2016
Keystone,Salt Creek,Brush Pile,Cedar trees,36.12,-96.33,0,N,N,9/14/2016
Keystone,Salt Creek,Brush Pile,Cedar trees,36.12,-96.33,0,N,N,9/14/2016
Keystone,Salt Creek,Brush Pile,Cedar trees,36.15,-96.28,0,N,N,9/14/2016
Keystone,Salt Creek,Brush Pile,Cedar trees,36.15,-96.28,0,N,N,9/14/2016
Keystone,Washington Irving South,Brush Pile, ,36.202817,-96.256514,0,N,Y,9/1/2015
Keystone,Washington Irving South,Brush Pile, ,36.2026,-96.256542,0,N,Y,9/1/2015
Keystone,Washington Irving South,Brush Pile, ,36.202369,-96.25655,0,N,Y,9/1/2015
Keystone,Washington Irving South,Brush Pile, ,36.202256,-96.256492,0,N,Y,9/1/2015
Keystone,Washington Irving South,Brush Pile, ,36.202069,-96.256547,0,N,Y,9/1/2015
Keystone,Washington Irving South,Brush Pile, ,36.202669,-96.256728,0,N,Y,9/1/2015
Keystone,Washington Irving South,Brush Pile, ,36.202481,-96.256708,0,N,Y,9/1/2015
Keystone,Washington Irving South,Brush Pile, ,36.202306,-96.256764,0,N,Y,9/1/2015
Keystone,Washington Irving South,Brush Pile, ,36.202094,-96.256786,0,N,Y,9/1/2015
Keystone,Washington Irving South,Brush Pile, ,36.200214,-96.258517,0,N,Y,9/1/2015
Keystone,Washington Irving South,Brush Pile, ,36.200167,-96.258444,0,N,Y,9/1/2015
Keystone,Washington Irving South,Brush Pile, ,36.200153,-96.257889,0,N,Y,9/1/2015
Keystone,Washington Irving South,Brush Pile, ,36.200058,-96.257747,0,N,Y,9/1/2015
Keystone,Washington Irving South,Brush Pile, ,36.199708,-96.257553,0,N,Y,9/1/2015
Keystone,Washington Irving South,Brush Pile, ,36.200192,-96.258403,0,N,Y,1/28/2015
Keystone,Washington Irving South,Brush Pile, ,36.202225,-96.256467,0,N,Y,1/28/2015
Keystone,Washington Irving South,Brush Pile, ,36.201567,-96.261047,0,N,Y,1/28/2015
Keystone,Washington Irving South,Brush Pile, ,36.200653,-96.256158,0,N,Y,1/28/2015
Keystone,Washington Irving South,Brush Pile, ,36.200192,-96.258403,0,N,Y,1/28/2015
Keystone,Washington Irving South,Brush Pile, ,36.202225,-96.256467,0,N,Y,1/28/2015
Keystone,Washington Irving South,Brush Pile, ,36.201567,-96.261047,0,N,Y,1/28/2015
Keystone,Washington Irving South,Brush Pile, ,36.200653,-96.256158,0,N,Y,1/28/2015
Keystone,Salt Creek,Brush Pile,Cedar trees,36.12,-96.33,0,N,N,9/14/2014
Keystone,Appalacia Bay,Brush Pile, ,36.19171,-96.29794,0,N,Y,8/13/2014
Keystone,Appalacia Bay,Brush Pile, ,36.1918,-96.2981,0,N,Y,8/13/2014
Keystone,Appalacia Bay,Brush Pile, ,36.1917,-96.298,0,N,Y,8/13/2014
Keystone,Appalacia Bay,Brush Pile, ,36.1918,-96.2979,0,N,Y,8/13/2014
Keystone,Appalacia Bay,Brush Pile, ,36.1918,-96.2978,0,N,Y,8/13/2014
Keystone,Appalacia Bay,Brush Pile, ,36.1917,-96.2978,0,N,Y,8/13/2014
Keystone,Appalacia Bay,Brush Pile, ,36.19184,-96.29756,0,N,Y,8/13/2014
Keystone,Appalacia Bay,Brush Pile, ,36.1918,-96.2976,0,N,Y,8/13/2014
Keystone,Appalacia Bay,Brush Pile, ,36.19183,-96.29752,0,N,Y,8/13/2014
Keystone,Appalacia Bay,Brush Pile, ,36.19178,-96.29749,0,N,Y,8/13/2014
Keystone,Appalacia Bay,Brush Pile, ,36.19186,-96.2974,0,N,Y,8/13/2014
Keystone,Appalacia Bay,Brush Pile, ,36.19177,-96.29765,0,N,Y,8/13/2014
Keystone,Appalacia Bay,Brush Pile, ,36.19069,-96.2927,0,N,Y,8/13/2014
Keystone,Appalacia Bay,Brush Pile, ,36.191,-96.2929,0,N,Y,8/13/2014
Keystone,Appalacia Bay,Brush Pile, ,36.19085,-96.29273,0,N,Y,8/13/2014
Keystone,Appalacia Bay,Brush Pile, ,36.1908,-96.2928,0,N,Y,8/13/2014
Keystone,Appalacia Bay,Brush Pile, ,36.18909,-96.29391,0,N,Y,8/13/2014
Keystone,Appalacia Bay,Brush Pile, ,36.1892,-96.2939,0,N,Y,8/13/2014
Keystone,Appalacia Bay,Brush Pile, ,36.18913,-96.29395,0,N,Y,8/13/2014
Keystone,Appalacia Bay,Brush Pile, ,36.1892,-96.294,0,N,Y,8/13/2014
Keystone,Appalacia Bay,Brush Pile, ,36.1892,-96.2941,0,N,Y,8/13/2014
Keystone,Appalacia Bay,Brush Pile, ,36.1889,-96.2943,0,N,Y,8/13/2014
Keystone,Appalacia Bay,Brush Pile, ,36.1889,-96.2944,0,N,Y,8/13/2014
Keystone,Appalacia Bay,Brush Pile, ,36.1888,-96.2944,0,N,Y,8/13/2014
Keystone,Appalacia Bay,Brush Pile, ,36.18907,-96.29405,0,N,Y,8/13/2014
Keystone,Appalacia Bay,Brush Pile, ,36.18905,-96.29406,0,N,Y,8/13/2014
Keystone,Appalacia Bay,Brush Pile, ,36.18906,-96.29414,0,N,Y,8/13/2014
Keystone,Appalacia Bay,Brush Pile, ,36.18901,-96.29417,0,N,Y,8/13/2014
Keystone,Appalacia Bay,Brush Pile, ,36.1888,-96.2945,0,N,Y,8/13/2014
Keystone,Appalacia Bay,Brush Pile, ,36.1889,-96.2946,0,N,Y,8/13/2014
Keystone,Appalacia Bay,Brush Pile, ,36.18903,-96.29429,0,N,Y,8/13/2014
Keystone,Appalacia Bay,Brush Pile, ,36.18906,-96.29427,0,N,Y,8/13/2014
Keystone,Appalacia Bay,Brush Pile, ,36.18892,-96.29451,0,N,Y,8/13/2014
Keystone,Appalacia Bay,Brush Pile, ,36.18901,-96.29424,0,N,Y,8/13/2014
Keystone,Appalacia Bay,Brush Pile, ,36.18904,-96.29435,0,N,Y,8/13/2014
Keystone,Appalacia Bay,Brush Pile, ,36.1889,-96.2946,0,N,Y,8/13/2014
Keystone,Appalacia Bay,Brush Pile, ,36.18897,-96.29438,0,N,Y,8/13/2014
Keystone,Appalacia Bay,Brush Pile, ,36.189,-96.2944,0,N,Y,8/13/2014
Keystone,Appalacia Bay,Brush Pile, ,36.18892,-96.29443,0,N,Y,8/13/2014
Keystone,Appalacia Bay,Brush Pile, ,36.18895,-96.29458,0,N,Y,8/13/2014
Keystone,Appalacia Bay,Brush Pile, ,36.1888,-96.2947,0,N,Y,8/13/2014
Keystone,Appalacia Bay,Brush Pile, ,36.1888,-96.2946,0,N,Y,8/13/2014
Keystone,Appalacia Bay,Brush Pile, ,36.1887,-96.2947,0,N,Y,8/13/2014
Keystone,Appalacia Bay,Brush Pile, ,36.19075,-96.29276,0,N,Y,8/13/2014
Keystone,Appalacia Bay,Brush Pile, ,36.1909,-96.2928,0,N,Y,8/13/2014
Keystone,Appalacia Bay,Brush Pile, ,36.1909,-96.29288,0,N,Y,8/13/2014
Keystone,Appalacia Bay,Brush Pile, ,36.1908,-96.2928,0,N,Y,8/13/2014
Keystone Lake, ,Brush Pile,1 massive cedar tree & 8 cedar trees,36.1383,-96.33122,0,N,N,9/29/2020
Keystone Lake,Hwy 51 Bridge,Brush Pile,cedar trees,36.127675,-96.335117,0,N,N,9/29/2020
Keystone Lake,Salt Creek fishing dock,Brush Pile,7 cedar trees,36.125808,-96.326141,0,N,Y,9/29/2020
Keystone Lake,Salt Creek,Brush Pile,8 cedar trees,36.11331,-96.33788,0,N,N,9/29/2020
Keystone Lake,Mannford area fishing dock,Brush Pile,cedar trees,36.130429,-96.344762,0,N,Y,9/29/2020
Keystone Lake,Salt Creek,Brush Pile,7 cedar trees,36.12411,-96.33164,0,N,N,9/29/2020
Keystone Lake, ,Brush Pile,12 cedar trees,36.15004,-96.33195,0,N,N,9/29/2020
Keystone Lake,Snake Pit,Brush Pile,7 cedar trees,36.14473,-96.33897,0,N,N,9/29/2020
Keystone Lake, ,Brush Pile,10 cedar trees,36.14,-96.3316,0,N,N,9/29/2020
Konawa,Between south end of dam and SE ramp,Spider Blocks, ,34.9568,-96.7043,0,Y,Y,6/16/2010
Konawa,SE of swin beach,Spider Blocks, ,34.9683,-96.702366,0,Y,Y,6/16/2010
Konawa,NW of discharge in cove,Spider Blocks, ,34.977116,-96.725266,0,Y,Y,6/16/2010
Konawa,NW of discharge,Spider Blocks, ,34.977833,-96.724316,0,Y,N,6/16/2010
Konawa,East-west cove east of plant,Spider Blocks, ,34.96685,-96.713833,0,Y,N,6/16/2010
Konawa,South bank west of SE ramp,Spider Blocks, ,34.95085,-96.707583,0,Y,N,6/16/2010
Konawa,South point of south island,Spider Blocks, ,34.9547,-96.716183,0,Y,N,6/16/2010
Konawa,Mouth of Discharge,Spider Blocks, ,34.9721,-96.719583,0,Y,N,5/1/2009
Konawa,Rock corner on north bank from discharge,Spider Blocks, ,34.978833,-96.72085,0,Y,N,5/1/2009
Konawa,Cove north of NE ramp,Spider Blocks, ,34.978833,-96.703583,0,Y,N,5/1/2009
Konawa,South end of dam,Spider Blocks, ,34.9575,-96.703866,0,Y,Y,5/1/2009
Konawa,Intake,Spider Blocks, ,34.958733,-96.72585,0,Y,N,4/10/2008
Konawa,Old foundation north of the discharge,Spider Blocks, ,34.974802,-96.720697,0,Y,Y,4/10/2008
Konawa,Hump in middle of north cove,Spider Blocks, ,34.976627,-96.709719,0,Y,N,4/10/2008
Konawa,Old roadbed NW of discharge,Spider Blocks, ,34.977091,-96.722425,0,Y,Y,4/10/2008
Konawa,West of South island,Spider Blocks, ,34.955797,-96.716233,0,Y,N,4/10/2008
Lake Ellsworth,Ralphs resort,Spider Blocks,scattered spider  blocks,34.800105,-98.373349,0,N,Y,6/15/2019
Lake Ellsworth,Edgewater jetti,Spider Blocks,scattered spider blocks,34.826076,-98.370247,0,N,Y,6/15/2019
Lake Ellsworth,Edgewater jetti,Spider Blocks,Scattered spider blocks,34.826243,-98.370243,0,N,Y,6/15/2019
Lake Ellsworth,Ralphs resort,Spider Blocks,Scattered spider blocks,34.799721,-98.372934,0,N,Y,6/15/2019
Lake Ellsworth,Ralphs Resort,Spider Blocks,Scattered spider blocks,34.799912,-98.37259,0,N,Y,6/15/2019
Lake Hall,na,Brush Pile,3 hardwoods and 2 cedars,34.82971,-99.927733,3,N,Y,4/19/2022
Lake Hall,na,Brush Pile,cedars,34.830545,-99.927233,6,N,Y,4/19/2022
Lake Hall,na,Brush Pile,cedars,34.830972,-99.928242,6,N,Y,4/19/2022
Lake Hall,na,Brush Pile,cedars,34.831086,-99.92734,6,N,N,4/19/2022
Lake Hall,na,Brush Pile,cedars,34.830636,-99.927032,6,N,Y,4/19/2022
Lake Hall,na,Brush Pile,hardwoods,34.831885,-99.92474,4,N,Y,4/19/2022
Lake Hall,na,Brush Pile,cedars,34.832281,-99.923727,5,N,Y,4/19/2022
Lake Hall,na,Brush Pile,line of cedars on dam,34.833964,-99.925012,4,N,Y,4/19/2022
Lake Hudson,HWY 82 Bridge/riprap,PVC Structure,Around 40 pvc structures,36.269686,-95.139947,0,N,Y,9/21/2021
Lake Hudson,Redbud,PVC Structure,Around 40 pvc structures,36.241289,-95.141422,0,N,Y,9/21/2021
Lake Hudson,HWY 82 Bridge/riprap,PVC Structure,Around 40 pvc structures,36.267769,-95.139175,0,N,N,9/21/2021
Lake Hudson,HWY 82 bridge/riprap,PVC Structure,Around 40 pvc structures,36.265742,-95.138411,0,N,N,9/21/2021
Lake Hudson,Boatman Cove,PVC Structure,Around 90 pvc structures,36.237925,-95.180858,15,N,Y,9/21/2021
Lake McMurtry,Crappie dock interior,Brush Pile,Cedar trees,36.167955,-97.18622,0,N,Y,2/10/2023
Lake McMurtry,Crappie dock exterior,Brush Pile,Cedar trees,36.167957,-97.186164,0,N,Y,2/10/2023
Lake McMurtry,Buoy SE of crappie dock,Brush Pile,cedar trees,36.166815,-97.185031,0,Y,N,2/10/2023
Lake McMurtry,Brush pile west of swim beach,Brush Pile,cedar trees,36.168313,-97.18828,0,N,Y,2/10/2023
Lake McMurtry,Buoy SW of crappie dock,Brush Pile,cedar trees,36.167163,-97.188637,0,Y,Y,2/10/2023
Langston,Dam picnic shelter,Brush Pile,cedar tree lay down,35.924081,-97.276014,7,N,Y,2/2/2021
Langston,Lion Point,Brush Pile,cedar brush pile,35.920556,-97.273608,10,N,N,2/2/2021
Langston,Southeast picnic shelter point,Brush Pile,two cedar tree piles,35.917194,-97.273361,0,N,N,2/2/2021
Langston,Southeast picnic shelter,Brush Pile,tree lay down,35.915516,-97.27619,10,N,Y,2/2/2021
Langston,Henney Road cove,Brush Pile,cedar brush pile,35.920917,-97.280528,14,N,N,2/2/2021
Langston,Lion Point,Brush Pile,cedar tree lay down,35.921972,-97.274556,13,N,N,2/2/2021
Langston,East picnic tables,Brush Pile,cedar tree lay down,35.922217,-97.27079,6,N,Y,2/2/2021
Langston,East guard rail,Brush Pile,cedar tree lay down,35.92019,-97.268075,7,N,Y,2/2/2021
Langston,East culdisac,Brush Pile,cedar tree lay down,35.921133,-97.268408,8,N,Y,2/2/2021
Langston,East shoreline,Brush Pile,cedar tree lay down,35.923073,-97.271749,8,N,Y,2/2/2021
Langston,Boat ramp point,Brush Pile,Cedar brush pile,35.923874,-97.271749,8,N,Y,2/2/2021
Langston,Northeast shoreline,Brush Pile,cedar tree lay down,35.926626,-97.274386,7,N,Y,2/2/2021
Langston,Boat Ramp cove,Brush Pile,brush in timber,35.923764,-97.271326,8,N,Y,2/2/2021
Lawtonka,Hoberger Slough,Brush Pile, ,34.76417,-98.49533,8,N, ,<Null>
Lawtonka,Elmer Thomas Slough,Brush Pile, ,34.7383,-98.51474,10,N, ,<Null>
Lawtonka,Brushy Cove,Brush Pile, ,34.74808,-98.5122,10,Y, ,<Null>
Lawtonka,Mt. Scott Slough,Brush Pile, ,34.74224,-98.51277,15,Y, ,<Null>
Lawtonka,White Bluff,Brush Pile, ,34.7612,-98.49768,25,N, ,<Null>
Lawtonka,South Side,Brush Pile, ,34.7388,-98.49817,0,N, ,<Null>
Lawtonka,Jackson Creek Bridge,Brush Pile, ,34.76731,-98.50518,0,N, ,<Null>
Lawtonka,West bank,Other,cut willow trees,34.753808,-98.512762,3,N,Y,7/6/2022
Lawtonka,West bank,Other,cut willow trees,34.748624,-98.512686,3,N,Y,7/6/2022
Lawtonka,School House Slough,Spider Blocks,3 double spider block piles,34.739725,-98.489,5,N,Y,4/20/2022
Lawtonka,School House Slough,Spider Blocks,2 double spider block piles,34.741026,-98.4884,5,N,Y,4/20/2022
Lawtonka,School House Slough,Spider Blocks,3 double spider block piles,34.741441,-98.48835,5,N,Y,4/20/2022
Lawtonka,School House Slough,Spider Blocks,4 double spider blocks piles,34.741988,-98.488195,5,N,Y,4/20/2022
Lawtonka,School house slough,Spider Blocks,rows of spider blocks,34.741126,-98.485376,0,N,Y,12/2/2019
Lawtonka,Robinson Landing,Combination,Stake beds and spider blocks,34.776593,-98.532537,0,N,Y,3/12/2019
Lawtonka,White Bluff Cove,Brush Pile,Cedar Trees,34.763567,-98.495578,0,Y,N,7/7/2015
Lawtonka,Mt. Scott Cove,Brush Pile,Scattered cedar tree piles,34.742736,-98.513511,0,N,N,7/7/2015
Lawtonka,Mt. Scott Cove,Brush Pile,Scattered cedar tree piles,34.742133,-98.512822,0,Y,N,7/6/2014
Lawtonka,Elmer Thomas Cove,Brush Pile,Scattered cedar tree piles,34.737233,-98.513767,0,Y,N,7/6/2014
Liberty,West shore,Brush Pile,Cedar trees,35.80342,-97.4688,12,N,Y,7/10/2018
Liberty,Ramp cove,Brush Pile,Cedar trees,35.80388,-97.4637,10,N,Y,7/10/2018
Liberty,West cove,Brush Pile,Cedar trees,35.80119,-97.4685,14,Y,Y,7/10/2018
Liberty,Campground parking,Brush Pile,Cedar trees,35.80081,-97.4634,8,N,Y,7/10/2018
Liberty,Middle jetty,Brush Pile,Cedar trees,35.80211,-97.46443,8,N,N,7/10/2018
Liberty,North Jetty,Brush Pile,Cedar trees,35.80252,-97.46466,10,N,N,7/10/2018
Liberty,Seward cove,Brush Pile,Cedar trees,35.79782,-97.45987,12,Y,Y,7/10/2018
Lindsay,Dock,PVC Structure,Shelbyville Cube,34.8714,-97.635532,10,N,Y,4/23/2024
Lindsay,SW side of lake,PVC Structure,Shelbyville Cube,34.869062,-97.637669,8,N,Y,4/23/2024
Lindsay,SW side of lake,PVC Structure,Shelbyville Cube,34.868382,-97.637563,10,N,Y,4/23/2024
Lone Chimney Lk,Starfish,Combination,Tire/Brush Reef,36.249722,-96.826667,0,Y, ,<Null>
Lone Chimney Lk,Fish Maze Ridge,Combination,Tire/Brush Reef,36.250556,-96.825556,0,Y, ,<Null>
Lone Chimney Lk,Centipede,Combination,Tire/Brush Reef,36.252222,-96.829722,0,Y, ,<Null>
Lone Chimney Lk,Fish Eye Flat,Combination,Tire/Brush Reef,36.256389,-96.8275,0,Y, ,<Null>
Longmire,East Keel Sandy Crk,Brush Pile, ,34.75888,-97.047,12,Y,N,2/25/2011
Longmire,N 3340 road bed,Brush Pile, ,34.75512,-97.0554,15,Y,N,2/25/2011
Longmire,Ranger Point,Brush Pile, ,34.74982,-97.04162,20,Y,Y,2/25/2011
Longmire,Fishing pier,Spider Blocks, ,34.7525,-97.037778,12,N,Y,2/18/2011
Madill City Lake,Near dock,Spider Blocks, ,34.08675,-96.78922,7, , ,6/8/2010
Madill City Lake,East of dock,Spider Blocks, ,34.08695,-96.78866,7, , ,6/8/2010
Madill City Lake,Southeast of dam,Spider Blocks, ,34.0881,-96.78751,7, , ,6/8/2010
Madill City Lake,West of dam,Spider Blocks, ,34.08899,-96.78807,7, , ,6/8/2010
Madill City Lake,East of dam,Spider Blocks, ,34.08858,-96.78703,7, , ,6/8/2010
Madill City Lake,Point across from ramp,Spider Blocks, ,34.08734,-96.79014,7, , ,6/8/2010
McAlester City Lake,Fishing Dock,Brush Pile,brush,35.020296,-95.806777,0,N,Y,2/5/2020
McAlester City Lake,Point in Park,Brush Pile,brush,35.01855,-95.80582,0,Y,Y,2/5/2020
McGee Creek,Cove Northwest of Swim Beach,Brush Pile,Cedar trees,34.3225,-95.884722,18,Y,N,12/10/2023
McGee Creek,Small Cove West of Mill Creek,Brush Pile,Cedar trees,34.330833,-95.873889,19,Y,N,12/10/2023
McGee Creek,1st Cove North of Mill Creek,Brush Pile,Cedar trees,34.339444,-95.881944,20,Y,N,12/10/2023
McGee Creek,2nd Cove Northwest of Buoy #1,Brush Pile,Cedar trees,34.337222,-95.886111,22,Y,N,12/10/2023
McGee Creek,Potapo Arm North of Dike,Brush Pile,Cedar trees,34.353889,-95.902778,21,Y,N,12/10/2023
McGee Creek,Potapo Arm North Around Bend,Brush Pile,Cedar trees,34.370556,-95.896111,21,Y,N,12/10/2023
McGee Creek,Fishing dock - Spider blocks,Combination,Spider blocks & cedar trees,34.319861,-95.876428,18,Y,Y,12/10/2023
McMurtry,West of Tent Site 5E,Brush Pile,Brush Pile,36.184502,-97.178429,0,Y,Y,12/12/2016
McMurtry,North of Sand Bar,Brush Pile,Brush Pile,36.178115,-97.178546,0,Y,N,12/12/2016
McMurtry,West Side of Island,Brush Pile,Brush Pile,36.18675,-97.180664,0,Y,N,12/12/2016
McMurtry,South of East Dock,Brush Pile,Brush Pile,36.18304,-97.178708,0,Y,Y,12/12/2016
McMurtry,Large Point West Side,Brush Pile,Brush Pile,36.17308,-97.183855,0,Y,N,12/12/2016
McMurtry, ,Combination,Tire/Brush Pile,36.1695,-97.1803,10,Y,N,1/1/2008
McMurtry, ,Combination,Tire/Brush Pile,36.1672,-97.1888,12,Y,N,1/1/2008
Medicine Creek,NA,Spider Blocks,Spider Blocks,34.72455,-98.49859,6,N,Y,9/16/2020
Medicine Creek,NA,Spider Blocks,Spider Blocks,34.725495,-98.49944,5,N,Y,9/15/2020
Meeker, ,Brush Pile,4 Cedar trees,35.491183,-96.938733,5,N,N,12/17/2020
Meeker, ,Brush Pile,8 Cedar trees,35.492717,-96.938133,8,Y,Y,12/17/2020
Meeker, ,Brush Pile,7 Cedar trees,35.494133,-96.936783,12,Y,Y,12/17/2020
Meeker, ,Brush Pile,4 Cedar trees,35.495517,-96.942283,11,N,N,12/17/2020
Meeker, ,Brush Pile,1 Cedar tree,35.497917,-96.9379,9,N,N,12/17/2020
Meeker, ,Brush Pile,1 Cedar tree,35.497617,-96.9385,11,N,N,12/17/2020
Meeker, ,Brush Pile,2 Cedar trees,35.497667,-96.93805,13,N,N,12/17/2020
Meeker, ,Brush Pile,2 Cedar trees,35.494767,-96.936267,8,N,Y,12/17/2020
Meeker, ,Brush Pile,2 Cedar trees,35.495117,-96.936317,12,N,Y,12/17/2020
Meeker, ,Brush Pile,2 Cedar trees,35.4953,-96.93625,7,N,Y,12/17/2020
Meeker, ,Brush Pile,3 Cedar trees,35.495617,-96.936233,14,N,Y,12/17/2020
Meeker, ,Brush Pile,2 Cedar trees,35.49605,-96.936283,13,N,Y,12/17/2020
Meeker, ,Brush Pile,4 Cedar trees,35.496967,-96.940783,8,N,N,12/17/2020
Meeker, ,Brush Pile,2 Cedar trees,35.4903,-96.940033,5,N,N,12/17/2020
Muldrow City Lake,Boat Ramp,Combination,2 pallet structures and 4 cedar trees,35.44693,-95.56137,13,Y,Y,12/10/2019
Murray,3rd CoveEast of Tucker Tower,Brush Pile,Cedar trees,34.045556,-97.076389,14,Y,N,12/3/2020
Murray,1st Cove West of Dam,Brush Pile,Cedar trees,34.038889,-97.075556,15,Y,N,12/3/2020
Murray,1st Cove North of West Bank of Marina,Brush Pile,Cedar trees,34.0625,-97.092222,16,Y,N,12/3/2020
Murray,Tucker Tower Cove Upper End,Brush Pile,Cedar trees,34.043056,-97.089722,13,Y,N,12/3/2020
Murray,North Side of Tucker Tower,Brush Pile,Cedar trees,34.047778,-97.082778,13,Y,N,12/3/2020
Murray,3rd Cove North of Group Camp 3,Brush Pile,Cedar trees,34.045,-97.056944,11,Y,N,12/2/2020
Murray,2nd Cove North of Rock Tower,Brush Pile,Cedar trees,34.073889,-97.064444,13,Y,N,12/2/2020
Murray,2nd Cove North of Marietta Landing,Brush Pile,Cedar trees,34.032778,-97.045278,17,Y,N,12/2/2020
Murray,North of Rock Tower Fish Pier,Brush Pile,Cedar trees,34.062222,-97.051944,15,Y,N,12/2/2020
Murray,2nd Small Point South of Martin's Landing,Brush Pile,Cedar trees,34.079444,-97.068611,18,Y,N,12/2/2020
Murray,North of Martin's Landing Ramp,Brush Pile,Cedar trees,34.09,-97.05111,16,Y,N,12/2/2020
Murray,Marietta Landing,Brush Pile,Cedar trees,34.027778,-97.046111,14,Y,N,12/1/2020
Murray,1st Cove North of Marietta Landing,Brush Pile,Cedar trees,34.031389,-97.050833,14,Y,N,12/1/2020
N. Graham L&D 18,Bluff Landing Near Bluff,Brush Pile, ,36.06886,-95.5575,4,Y,Y,<Null>
Nanih Waiya,Nanih Waiya 1,Brush Pile,brush,34.63348,-95.30245,11,N,Y,2/26/2025
Nanih Waiya,Nanih Waiya 2,Brush Pile,brush,34.63137,-95.29947,17,Y,N,2/26/2025
Nanih Waiya,Nanih Waiya 3,Brush Pile,brush,34.63061,-95.29962,17,Y,Y,2/26/2025
Nanih Waiya,Nanih Waiya 4,Brush Pile,brush,34.63136,-95.29735,8,Y,Y,2/26/2025
New Spiro Lake,Near dam,Brush Pile,brush,35.19384,-94.61521,17,Y,N,2/10/2020
New Spiro Lake,East side,Brush Pile,brush,35.19976,-94.61677,10,Y,Y,2/10/2020
Nichols Lake,Fishing dock south of ramp,Spider Blocks,10 spider blocks,35.40571,-95.97611,5,N,Y,12/3/2019
Nichols Lake,Fishing dock center of lake,Spider Blocks,10 spider blocks,35.407738,-95.977242,0,N,Y,12/3/2019
Nichols Park Lake,New Fishing Dock,Brush Pile, ,35.407555,-95.977388,0,N,Y,<Null>
Nichols Park Lake,Old Fishing Dock,Brush Pile, ,35.410027,-95.97975,0,N,Y,<Null>
Okemah,"West Cove, North Bank",Combination,Cedar trees and spider blocks,35.52292,-96.33082,0,Y,N,8/21/2021
Okemah,Jaycee Park N,Brush Pile,Cedar trees,35.5226,-96.32,0,N,Y,8/21/2021
Okemah,The Secret Hump,Brush Pile,Cedar trees,35.52493,-96.31965,0,Y,N,8/21/2021
Okemah,Old Dam,Combination,Cedar trees and spider blocks,35.51955,-96.32373,0,Y,N,8/21/2021
Okemah,Point East of Beach,Brush Pile,Cedar trees,35.52305,-96.31517,0,Y,N,8/21/2021
Okemah,"East Cove, North Bank",Combination,Cedar trees and spider blocks,35.52372,-96.31173,0,Y,N,8/21/2021
Okemah,"East Cove, South Bank",Combination,Cedar trees and spider blocks,35.5221,-96.31173,0,N,N,8/21/2021
Okemah,Jaycee Park W,Brush Pile,Cedar trees,35.5201,-96.32152,0,N,Y,8/21/2021
Okemah,Rock Pile,Combination,Cedar trees and spider blocks,35.52098,-96.32157,0,N,Y,8/21/2021
Okemah,Fishing Dock,Combination,Cedar trees and spider blocks,35.51932,-96.3232,0,N,Y,8/21/2021
Okemah,Southeast of Beach,Combination,Cedar trees and spider blocks,35.51963,-96.31507,0,Y,N,8/21/2021
Okmulgee,Lions Club Point,Brush Pile,Cedar Trees,35.62521,-96.07835,0,Y,N,4/8/2024
Okmulgee,Salvation Army Point,Brush Pile,Cedar Trees,35.612983,-96.0841,0,Y,N,4/8/2024
Okmulgee,Red Oak Area,Brush Pile,Cedar Trees,35.60993,-96.07639,0,Y,Y,4/8/2024
Okmulgee,Fishing Dock,PVC Structure,Shelbyville Cubes,35.621192,-96.064509,0,N,Y,2/1/2024
Okmulgee Lake,Salvation Army Point,Brush Pile, ,35.612983,-96.0841,0,Y,N,<Null>
Okmulgee Lake,Lions Club Point,Brush Pile, ,35.624616,-96.078166,0,Y,N,<Null>
Okmulgee Lake,North Cove,Brush Pile, ,35.62965,-96.067216,0,Y,N,<Null>
Okmulgee Lake,WPA pavilion in Red Oak area,Brush Pile, ,35.61145,-96.0749,0,Y,Y,<Null>
Okmulgee Lake,Fishing Dock,Combination,Cedars and Spiders,35.628733,-96.064566,0,Y,Y,<Null>
Okmulgee Lake,East bank north of BlackJack area,Brush Pile, ,35.61915,-96.0708,0,Y,Y,3/2/2010
Okmulgee Lake,Red Oak area,Brush Pile, ,35.609866,-96.07645,0,Y,Y,3/2/2010
Okmulgee Lake,Hickory Point,Brush Pile, ,35.602716,-96.07925,0,Y,Y,3/2/2010
Onapa,SE side of lake,Brush Pile,6 large cedars,35.40029,-95.56589,15,Y,N,10/31/2019
Oolgah,Skull Hollow,Brush Pile,cedar trees,36.44093,-95.67105,0,N,N,9/12/2020
Ooloagah,Hawthorne Bluff,Brush Pile,cedar trees,36.4284,-95.67576,0,N,Y,9/12/2020
Oologah,Hathorne Bluff,Brush Pile,Cedar Trees,36.42087,-95.67386,14,N,N,10/7/2024
Oologah,Hawthorne Bluff,Brush Pile,Cedar Trees,36.42091,-95.67369,14,N,N,10/7/2024
Oologah,Hawthorne Bluff,Brush Pile,Cedar Trees,36.4246,-95.66562,12,N,N,10/7/2024
Oologah,Hawthorne Bluff,Brush Pile,Cedar Trees,36.42461,-95.66487,10,N,N,10/7/2024
Oologah,Hawthorne Bluff,Brush Pile,Cedar Trees,36.42836,-95.67663,11,N,Y,10/7/2024
Oologah,Hawthorne Bluff,Brush Pile,Cedar Trees,36.42933,-95.67698,12,N,Y,10/7/2024
Oologah,Hawthorne Bluff,Brush Pile,Cedar Trees,35.42953,-95.67672,14,N,N,10/7/2024
Oologah,Hawthorne Bluff,Brush Pile,Cedar Trees,36.43193,-95.67316,18,N,Y,10/7/2024
Oologah,Hawthorne Bluff,Brush Pile,Cedar Trees,36.42851,-95.67524,12,N,Y,10/7/2024
Oologah,Hawthorne Bluff,Brush Pile,Cedar Trees,36.427,-95.67712,10,N,Y,10/7/2024
Oologah,Hawthorn Bluff,PVC Structure,Shelbyville Cubes,36.429879,-95.677427,14,N,Y,11/23/2023
Oologah,Hawthorn Bluff,PVC Structure,Shelbyville Cube,36.429808,-95.677353,0,N,Y,11/23/2023
Oologah,Hawthorn Bluff,PVC Structure,Shelbyville Cube,36.431923,-95.67322,14,N,Y,11/23/2023
Oologah,Goat Island,Brush Pile,cedar trees,36.42387,-95.66085,0,N,N,9/12/2020
Oologah,Redbud,Brush Pile,cedar trees,36.420869,-95.673549,0,N,N,9/12/2020
Oologah,Goat Island,Brush Pile,cedar trees,36.42249,-95.66887,0,N,N,9/12/2020
Oologah,Redbud Bay,Brush Pile,cedar trees,36.42115,-95.67086,0,N,N,9/12/2020
Oologah,Hawthorne Bluff,Brush Pile,cedar trees,36.42626,-95.67808,0,N,Y,9/12/2020
Oologah,Hawthorne Bluff,Brush Pile,cedar trees,36.43145,-95.67291,0,N,Y,9/12/2020
Oologah,Goat Island,Brush Pile,cedar trees,36.42244,-95.66857,0,N,N,9/12/2020
Oologah,Redbud Bay,Brush Pile,cedar trees,36.42125,-95.67205,0,N,N,9/12/2020
Oologah,Hawthorne Bluff,Brush Pile,cedar trees,36.42889,-95.67679,0,N,Y,9/12/2020
Oologah,Hawthorne Bluff,Brush Pile,cedar trees,36.42616,-95.67829,0,N,Y,9/12/2020
Oologah,Goat Island,Brush Pile,cedar trees,36.42315,-95.66961,0,N,N,9/12/2020
Oologah,Redbud Bay,Brush Pile,cedar trees,36.42115,-95.67222,0,N,N,9/12/2020
Oologah,Hawthorne Bluff,Brush Pile,cedar trees,36.42787,-95.67658,0,N,Y,9/12/2020
Oologah,Goat Island,Brush Pile,cedar trees,36.42299,-95.66957,0,N,N,9/12/2020
Oologah,Redbud Bay,Brush Pile,cedar trees,36.4208,-95.67393,0,N,N,9/12/2020
Oologah,Skull Hollow,Brush Pile,cedar trees,36.44033,-95.67018,0,N,N,9/12/2020
Oologah,Goose Island,Brush Pile, ,36.494364,-95.621435,0,N,Y,9/12/2015
Oologah,Goose Island,Brush Pile, ,36.49419,-95.62276,0,N,Y,9/12/2015
Oologah,Goose Island,Brush Pile, ,36.496096,-95.616018,0,N,Y,9/12/2015
Oologah,Goose Island,Brush Pile, ,36.495647,-95.617225,0,N,Y,9/12/2015
Oologah,Goose Island,Brush Pile, ,36.495719,-95.616919,0,N,Y,9/12/2015
Oologah,Spencer Creek Park,Brush Pile, ,36.491618,-95.594313,0,N,Y,9/12/2015
Oologah,Spencer Creek Park,Brush Pile, ,36.495879,-95.588265,0,N,Y,9/12/2015
Oologah,Spencer Creek Park,Brush Pile, ,36.525349,-95.562568,0,N,Y,9/12/2015
Oologah,Spencer Creek Park,Brush Pile, ,36.523553,-95.56529,0,N,Y,9/12/2015
Oologah,Spencer Creek Park,Brush Pile, ,36.522734,-95.565831,0,N,Y,9/12/2015
Oologah,Spencer Creek Park,Brush Pile, ,36.522778,-95.565957,0,N,Y,9/12/2015
Oologah,Spencer Creek Park,Brush Pile, ,36.526841,-95.560072,0,N,N,9/12/2015
Oologah,Spencer Creek Park,Brush Pile, ,36.526689,-95.559405,0,N,N,9/12/2015
Oologah,Spencer Creek Park,Brush Pile, ,36.519402,-95.567048,0,N,Y,9/12/2015
Oologah,Spencer Creek Park,Brush Pile, ,36.523191,-95.568283,0,N,Y,9/12/2015
Oologah,Spencer Creek Park,Brush Pile, ,36.521344,-95.560973,0,N,Y,9/12/2015
Oologah,Spencer Creek Park,Brush Pile, ,36.523893,-95.561207,0,N,Y,9/12/2015
Oologah,Spencer Creek Park,Brush Pile, ,36.523249,-95.560342,0,N,Y,9/12/2015
Oologah,Spencer Creek Park,Brush Pile, ,36.518924,-95.570545,0,N,Y,9/12/2015
Oologah,Spencer Creek Park,Brush Pile, ,36.517418,-95.571726,0,N,Y,9/12/2015
Oologah,Spencer Creek Park,Brush Pile, ,36.522966,-95.572005,0,N,Y,9/12/2015
Oologah,Spencer Creek Park,Brush Pile, ,36.520808,-95.575854,0,N,Y,9/12/2015
Oologah,Spencer Creek Park,Brush Pile, ,36.522452,-95.5705,0,N,Y,9/12/2015
Oologah,Spencer Creek Park,Brush Pile, ,36.522293,-95.572663,0,N,Y,9/12/2015
Oologah,Spencer Creek Park,Brush Pile, ,36.519149,-95.558224,0,N,Y,9/12/2015
Oologah,Spencer Creek Park,Brush Pile, ,36.518403,-95.558125,0,N,Y,9/12/2015
Oologah,Kight Hill,Brush Pile, ,36.427049,-95.647519,0,N, ,9/13/2014
Oologah,Kight Hill,Brush Pile, ,36.427013,-95.647393,0,N, ,9/13/2014
Oologah,Spillway,Brush Pile, ,36.42219,-95.646411,0,N, ,9/13/2014
Oologah,Spillway,Brush Pile, ,36.422124,-95.646528,0,N, ,9/13/2014
Oologah,Spillway,Brush Pile, ,36.423597,-95.644671,0,N, ,9/13/2014
Oologah,Redbud,Brush Pile, ,36.424112,-95.655676,0,N, ,9/13/2014
Oologah,Kight Hill,Brush Pile, ,36.436817,-95.644166,0,N, ,9/13/2014
Oologah,Kight Hill,Brush Pile, ,36.437361,-95.643247,0,N, ,9/13/2014
Oologah,Hawthorn Bluff,Brush Pile, ,36.429275,-95.676966,0,N, ,9/13/2014
Oologah,Hawthorn Bluff,Brush Pile, ,36.429384,-95.677065,0,N, ,9/13/2014
Oologah,Hawthorn Bluff,Brush Pile, ,36.429928,-95.677101,0,N, ,9/13/2014
Oologah,Hawthorn Bluff,Brush Pile, ,36.429885,-95.677381,0,N, ,9/13/2014
Oologah,Hawthorn Bluff,Brush Pile, ,36.432444,-95.672811,0,N, ,9/13/2014
Oologah,Hawthorn Bluff,Brush Pile, ,36.432082,-95.672423,0,N, ,9/13/2014
Oologah,Hawthorn Bluff,Brush Pile, ,36.431901,-95.672045,0,N, ,9/13/2014
Oologah,Skull Hollow,Brush Pile, ,36.441828,-95.672955,0,N, ,9/13/2014
Oologah,Skull Hollow,Brush Pile, ,36.441509,-95.671828,0,N, ,9/13/2014
Oologah,Skull Hollow,Brush Pile, ,36.440551,-95.670837,0,N, ,9/13/2014
Oologah,Hawthorn Bluff,Brush Pile, ,36.432053,-95.673063,0,N, ,9/13/2014
Oologah,Kight Hill,Brush Pile, ,36.436795,-95.635198,0,N, ,9/13/2014
Oologah,Kight Hill,Brush Pile, ,36.43718,-95.635847,0,N, ,9/13/2014
Oologah,Kight Hill,Brush Pile, ,36.437325,-95.637578,0,N, ,9/13/2014
Oologah,Kight Hill,Brush Pile, ,36.437259,-95.642526,0,N, ,9/13/2014
Oologah,Hawthorn Bluff,Brush Pile, ,36.425743,-95.679625,0,N, ,9/13/2014
Oologah,Blue Creek,Brush Pile, ,36.45843,-95.59946,0,N, ,9/7/2013
Oologah,Blue Creek,Brush Pile, ,36.45834,-95.59953,0,N, ,9/7/2013
Oologah,Blue Creek,Brush Pile, ,36.45731,-95.60051,0,N, ,9/7/2013
Oologah,Blue Creek,Brush Pile, ,36.4573,-95.60054,0,N, ,9/7/2013
Oologah,Blue Creek,Brush Pile, ,36.45867,-95.59851,0,N, ,9/7/2013
Oologah,Blue Creek,Brush Pile, ,36.45873,-95.59852,0,N, ,9/7/2013
Oologah,Blue Creek,Brush Pile, ,36.45408,-95.60357,0,N, ,9/7/2013
Oologah,Blue Creek,Brush Pile, ,36.45402,-95.6035,0,N, ,9/7/2013
Oologah,Blue Creek,Brush Pile, ,36.45407,-95.60349,0,N, ,9/7/2013
Oologah,Hawthorn Bluff,Brush Pile, ,36.42996,-95.66893,0,N, ,9/7/2013
Oologah,Blue Creek,Brush Pile, ,36.44586,-95.6257,0,N, ,9/7/2013
Oologah,Blue Creek,Brush Pile, ,36.4539,-95.60344,0,N, ,9/7/2013
Oologah,Blue Creek,Brush Pile, ,36.45399,-95.60433,0,N, ,9/7/2013
Oologah,Blue Creek,Brush Pile, ,36.45306,-95.60106,0,N, ,9/7/2013
Oologah,Blue Creek,Brush Pile, ,36.45298,-95.60041,0,N, ,9/7/2013
Oologah,Blue Creek,Brush Pile, ,36.45251,-95.59852,0,N, ,9/7/2013
Oologah,Blue Creek,Brush Pile, ,36.45825,-95.61803,0,N, ,9/7/2013
Oologah,Blue Creek,Brush Pile, ,36.45842,-95.61927,0,N, ,9/7/2013
Oologah,Blue Creek,Brush Pile, ,36.45852,-95.62008,0,N, ,9/7/2013
Oologah,Blue Creek,Brush Pile, ,36.45326,-95.60094,0,N, ,9/7/2013
Oologah,Blue Creek,Brush Pile, ,36.45298,-95.59911,0,N, ,9/7/2013
Overholser,Lake Bypass (SE),Combination,Tires and pallets,35.491667,-97.666667,8,N,Y,<Null>
Overholser,Fishing Pier 1,Spider Blocks,Stake bucket,35.492222,-97.688056,0,N,Y,7/4/2012
Ozzie Cobb,Oz Cobb Brush 4,Brush Pile,brush,34.243056,-95.387778,8,Y,Y,3/12/2025
Ozzie Cobb,Oz Cobb Brush 3,Brush Pile,brush,34.244167,-95.388889,8,N,Y,3/12/2025
Ozzie Cobb,Oz Cobb Brush 2,Brush Pile,brush,34.245278,-95.387778,8,Y,N,3/12/2025
Ozzie Cobb,Oz Cobb Brush 1,Brush Pile,brush,34.246667,-95.389167,13.7,Y,N,3/12/2025
Pauls valley,Dock,Brush Pile,Cedar trees,34.77,-97.206667,0,Y,Y,<Null>
Pauls Valley,Swim Beach,Brush Pile, ,34.77304,-97.2066,13, , ,2/25/2011
Paul's Valley,Upper West Arm,Brush Pile, ,34.7795,-97.20785,13,Y,N,2/25/2011
Paul's Valley,East Arm,Brush Pile, ,34.78365,-97.201,13,Y,N,2/25/2011
Paul's Valley,Fishing Pier,Brush Pile, ,34.770278,-97.206667,12,N,Y,2/18/2011
Pawhuska,Southeast Cove,Spider Blocks,Spider Blocks,36.64728,-96.39329,8,Y,Y,12/17/2014
Pine Creek,Pine Ck Brush 5,Brush Pile, ,34.12,-95.074722,12,Y,N,2/11/2021
Pine Creek,Pine Ck Brush 8,Brush Pile, ,34.13336,-95.0846,12,N,N,2/11/2021
Pine Creek,Pine Ck Brush 16,Brush Pile, ,34.159,-95.1248,17,N,N,2/11/2021
Pine Creek,Pine Ck Brush 14,Brush Pile, ,34.159722,-95.116111,20,Y,N,2/11/2021
Pine Creek,Pine Ck Brush 18,Brush Pile, ,34.177778,-95.108611,14,N,Y,2/11/2021
Pine Creek,Pine Ck Brush 19,Brush Pile, ,34.186667,-95.1125,10,Y,N,2/11/2021
Pine Creek, ,Brush Pile,Brush,34.11444,-95.08505,21,Y,N,2/10/2021
Pine Creek, ,Brush Pile,brush,34.17616,-95.10643,12,Y,N,2/10/2021
Pine Creek, ,Brush Pile,brush,34.18075,-95.10861,18,N,Y,2/10/2021
Pine Creek,Pine Ck Brush 3,Brush Pile, ,34.118056,-95.086667,12,Y,N,7/17/2018
Pine Creek,Pine Ck Brush 2,Brush Pile, ,34.118333,-95.091667,12,Y,N,7/17/2018
Ponca,Hubbard Bridge SE Side,Spider Blocks,Spider Blocks,36.75284,-97.04374,0,N,Y,3/15/2016
Ponca,LA Cann Bridge NW Corner,Spider Blocks,Spider Blocks,36.71973,-97.0241,0,N,Y,3/14/2016
Ponca,Fishing Dock,Spider Blocks,Spider Blocks,36.72254,-97.02703,0,N,Y,3/13/2016
Ponca,LA Cann Bridge SE Corner,Spider Blocks,Spider Blocks,36.71974,-97.02362,0,N,Y,3/12/2016
Ponca,Rock Jetty,Spider Blocks,Spider Blocks,36.72565,-97.02353,0,N,Y,3/11/2016
Ponca,Wentz Cove,Brush Pile,Brush Pile,36.7285,-97.02429,0,Y,N,1/20/2015
Ponca,Wentz Cove,Spider Blocks, ,36.7386,-97.0303,5,N,Y,1/1/2010
Ponce,Windmill Cove,Spider Blocks, ,36.7305,-97.0372,5,N,Y,1/1/2010
Porum City Lake,Fishing Dock,Spider Blocks, ,35.352161,-95.262252,3,N,Y,11/1/2009
Prague Lake,Middle of Lake,Brush Pile, ,35.527222,-96.724722,0,Y,N,<Null>
Prague Lake,West Bank,Brush Pile, ,35.526944,-96.7225,0,Y,N,<Null>
Pretty Water Lake,Dam Area,Other,Catfish Spawning Str.,36.035823,-96.146831,20,N, ,<Null>
Pretty Water Lake,Northwest Corner,Other,Catfish Spawning Str.,36.037139,-96.146073,21,N, ,<Null>
Purcell,Spillway Pt.,Gravel Pile, ,34.991111,-97.376944,0,N,Y,1/1/2008
Purcell,Goose Bend,Gravel Pile, ,34.991944,-97.380556,0,N,Y,1/1/2008
Purcell,West Ramp,Gravel Pile, ,34.993333,-97.388611,0,N,Y,1/1/2008
Purcell,NW Shoreline,Gravel Pile, ,34.994167,-97.385278,0,N,Y,1/1/2008
Purcell,NE Corner,Gravel Pile, ,34.994722,-97.38,0,N,Y,1/1/2008
Raymond Gary,R Gary Brush 2,Brush Pile, ,33.994167,-95.261111,10,N,Y,12/13/2019
Raymond Gary,R Gary Brush 6,Brush Pile,brush,34.013611,-95.260833,8,Y,N,12/13/2019
Raymond Gary,R Gary Brush 2,Brush Pile,brush,34.008376,-95.263469,10,N,N,12/12/2019
Raymond Gary,R Gary Brush 1,Brush Pile,brush,33.99217,-95.25823,14,Y,N,12/12/2019
Raymond Gary,R Gary Brush 5,Brush Pile,brush,33.9934,-95.26599,8,N,N,12/12/2019
Raymond Gary,R Gary Brush 7,Brush Pile,brush,33.99544,-95.26417,10,Y,N,12/12/2019
Robert S Kerr,Short Mt Cove,Brush Pile,18 cedars,35.320082,-94.788284,9,Y,N,3/19/2020
Robert S Kerr,Short Mt Cove,Brush Pile,43 cedars,35.323567,-94.790893,12,Y,N,3/19/2020
Robert S Kerr,Short Mt Cove,Brush Pile,cedars,35.324941,-94.789358,12,Y,N,9/12/2018
Robert S Kerr,Short Mt Cove,Brush Pile,cedars,35.32116,-94.790869,10,Y,N,9/12/2018
Robert S Kerr,Cowlington Point,Brush Pile,cedars,35.32331,-94.82387,11,N,Y,3/21/2017
Robert S Kerr,Cowlington Point,Brush Pile,cedars,35.32334,-94.82524,13,Y,Y,3/21/2017
Robert S Kerr,Cowlington Point,Brush Pile,cedars,35.31482,-94.821194,15,N,Y,3/21/2017
Robert S Kerr,Cowlington Point,Brush Pile,cedars,35.32188,-94.82553,14,Y,Y,3/21/2017
Robert S Kerr,Applegate Cove #1,Brush Pile,cedars,35.361051,-94.827223,15,y,Y,3/4/2016
Robert S Kerr,Applegate Cove #2,Brush Pile,cedars,35.364776,-94.828369,15,Y,N,3/4/2016
Robert S. Kerr,Cowlington Point #1,Spider Blocks, ,35.32332,-94.82521,6,Y,Y,6/9/2010
Robert S. Kerr,Cowlington Point #2,Spider Blocks, ,35.32125,-94.82545,10,N,Y,6/9/2010
Roland City Lake,Picnic Area,Brush Pile,11 cedar trees,35.44617,-94.51712,11,Y,Y,12/10/2019
Roland City Lake,Fishing Dock,Spider Blocks,102 spider blocks,35.446047,-94.517494,9,N,Y,7/22/2015
RS Kerr,Sallisaw Creek,Brush Pile,4 cedars,35.3834,-94.8693,10,Y,N,5/18/2021
RS Kerr,Sallisaw Creek,Brush Pile,2 elm trees,35.3861,-94.8717,18,Y,N,5/18/2021
RS Kerr,Cowlington point,Brush Pile,15 cedars,35.3195,-94.832,15,N,N,5/17/2021
RS Kerr,Cowlington Point,Brush Pile,14 cedars,35.3247,-94.8293,16,N,N,5/17/2021
RS Kerr,Cowlington Point,Brush Pile,8 cedars along bank,35.3238,-94.8271,4,N,Y,5/17/2021
RS Kerr,Cowlington,Brush Pile,9 cedars,35.3234,-94.8253,13,N,Y,5/17/2021
RS Kerr,Cowlington Point,Brush Pile,9 cedars,35.3236,-94.824,18,N,Y,5/17/2021
RS Kerr,Cowlington Point,Brush Pile,9 cedars along bank,35.3234,-94.8253,13,N,Y,5/17/2021
RS Kerr,Cowlington Point,Brush Pile,9 cedars,35.3236,-94.824,10,N,N,5/17/2021
Sahoma,Boat Ramp Cove (West),Brush Pile, ,36.034581,-96.15107,8,N,Y,<Null>
Sahoma,Dam Area,Brush Pile, ,36.029409,-96.156049,10,N,Y,<Null>
Sahoma,West Side of Boat Ramp Pt,Brush Pile, ,36.035485,-96.153445,12,N,N,<Null>
Sahoma,Floating Boat Dock,Brush Pile, ,36.034206,-96.150828,17,N,Y,<Null>
Sahoma,Boat Ramp Cove (East),Brush Pile, ,36.035084,-96.149088,9,N,Y,<Null>
Sallisaw City Lake, ,Brush Pile,2 Pallet Structures,35.543198,-94.819649,0,N,Y,<Null>
Sallisaw City Lake,Dam Site,Brush Pile, ,35.536356,-94.827,0,N,Y,<Null>
Sallisaw City Lake,Boat Dock,Brush Pile, ,35.539636,-94.818159,0,N,Y,<Null>
Sallisaw City Lake, ,Combination,Trees and Stumps,35.547835,-94.817915,0,N,N,<Null>
Sallisaw City Lake, ,Pallet, ,35.539722,-94.818611,0,N,Y,<Null>
Sallisaw City Lake, ,Pallet,5 Pallet Structures,35.540773,-94.819454,0,N,Y,<Null>
Sallisaw City Lake, ,Pallet, ,35.544805,-94.818993,0,N,Y,<Null>
Sallisaw City Lake, ,Tire Reefs, ,35.548333,-94.818333,0,N,N,<Null>
Sardis,Sardis 11,Brush Pile,brush,34.70186,-95.31389,0, , ,<Null>
Sardis,Sardis 1,Brush Pile,brush,34.67475,-95.46928,12,Y,Y,12/15/2020
Sardis,Sardis 3,Brush Pile,brush,34.64734,-95.3347,12,Y,N,12/15/2020
Sardis,Sardis 4,Brush Pile,brush,34.66314,-95.33113,10,Y,Y,12/15/2020
Sardis,Sardis 5,Brush Pile,brush,34.67422,-95.3285,10,Y,Y,12/15/2020
Sardis,Sardis 6,Brush Pile,brush,34.65706,-95.3321,16,N,Y,12/15/2020
Sardis,Sardis 7,Brush Pile,brush,34.6649,-95.4446,15,Y,Y,12/15/2020
Sardis,Sardis,Brush Pile,brush,34.69333,-95.3865,12,Y,N,12/15/2020
Sardis,Sardis 9,Brush Pile,brush,34.68454,-95.383,12,Y,Y,12/15/2020
Sardis,Sardis 10,Brush Pile,brush,34.67629,-95.3254,10,N,Y,12/15/2020
Sardis,Sardis 12,Brush Pile,brush,34.64994,-95.4523,15,N,Y,12/15/2020
Sardis,Sardis 14,Brush Pile,brush,34.6481,-95.46222,18,Y,N,12/15/2020
Sardis,Sardis 13,Brush Pile,brush,34.65281,-95.33362,12,Y,N,12/15/2020
Sardis Lake,Potato Hills (S of Ramp),Brush Pile, ,34.64437,-95.33522,12,Y,N,12/16/2020
Scott King,Fishing Pier,Combination,Spider Blocks & cedar trees,34.250383,-97.186248,0,Y,Y,12/5/2022
Scott King,Northwest Cove,Brush Pile,Cedar trees,34.256389,-97.183889,12,Y,N,12/4/2022
Scott King,Cove East of Ramp,Brush Pile,Cedar trees,34.251111,-97.178056,14,Y,N,12/3/2022
Scott King,Southeast of Ramp,Brush Pile,Cedar trees,34.249167,-97.183889,12,Y,N,12/2/2022
Scott King,South of Ramp,Brush Pile,Cedar trees,34.246994,-97.186994,12,Y,N,12/1/2022
Shawnee Twin,Lake 1,Brush Pile,Cedar trees,35.34025,-97.09094,0,N,N,3/9/2022
Shawnee Twin,Lake 1,Brush Pile,Cedar trees,35.337361,-97.064083,0,N,N,3/9/2022
Shawnee Twin,Lake 1,Brush Pile,Cedar Trees,35.34228,-97.07753,0,N,N,3/9/2022
Shawnee Twin,Lake 2,Brush Pile,Cedar trees,35.36124,-97.08946,0,Y,N,3/9/2022
Shawnee Twin,Lake 2,Brush Pile,Cedar trees,35.35569,-97.08201,0,Y,N,3/9/2022
Shawnee Twin,Lake 2,Brush Pile,Cedar trees,35.35488,-97.07309,0,Y,N,3/9/2022
Shawnee Twin,Lake 2,Brush Pile,Cedar trees,35.36018,-97.08763,0,N,N,3/9/2022
Shawnee Twin,Lake 2,Brush Pile,Cedar trees,35.36035,-97.07421,0,N,N,3/9/2022
Shawnee Twin,Lake 1 Fishing Dock,Combination,Cedar trees and Starfish,35.345833,-97.061866,0,N,Y,3/9/2022
Shawnee Twin,Lake 2,Combination,Cedar trees and Spider blocks,35.353146,-97.069535,0,Y,Y,3/9/2022
Shawnee Twin,Lake 2,Combination,Cedar trees and Starfish,35.352283,-97.071783,0,Y,N,3/9/2022
Shawnee Twin,Lake 2,Combination,Cedar trees and Starfish,35.364183,-97.0887,0,Y,N,3/9/2022
Shawnee Twin,Lake 2,Combination,Cedar trees and Starfish,35.359933,-97.071633,0,Y,N,3/9/2022
Shawnee Twin,Lake 2,Combination,Cedar trees and Starfish,35.35895,-97.082083,0,Y,N,3/9/2022
Shawnee Twin Lake #1,Fishing Dock,PVC Structure,Shelbyville Cubes,35.345833,-97.061866,0,N,Y,4/1/2024
Shawnee Twin Lake #2,Dam Rip Rap,PVC Structure,Shelbyville Cubes,35.35352,-97.06932,0,N,Y,5/17/2024
Shawnee Twin Lk,Post Office Neck,Brush Pile, ,35.337361,-97.064083,0,Y,N,<Null>
Shawnee Twin Lk,Lake #2 fishing dock,Spider Blocks, ,35.353638,-97.070416,0,N,Y,<Null>
Shawnee Twin Lk,Channel Neck,Brush Pile,Cedar trees,35.351527,-97.072833,0,Y,N,3/9/2022
Shawnee Twin Lk,Jackson Neck,Brush Pile,Cedar trees,35.353194,-97.082166,0,Y,N,3/9/2022
Shawnee Twin Lk,North McLoud Road,Brush Pile,Cedar trees,35.355583,-97.086944,0,Y,N,3/9/2022
Skiatook,HWY 20 Bridge,PVC Structure,4 Shelbyville Cubes,36.38074,-96.17738,22,N,N,6/18/2024
Skiatook,Osage Park,PVC Structure,2 Shelbyville Cubes,36.379197,-96.152679,14,N,Y,6/18/2024
Skiatook,Black Dog,PVC Structure,4 Shelbyville Cubes,36.38016,-96.196185,13,N,Y,6/18/2024
Skipout,Black Kettle National Grassland,Spider Blocks,2'-4' pvc pipe,35.634781,-99.885742,13,N,Y,4/8/2016
Skipout,Black Kettle National Grassland,Spider Blocks,2'-4' pvc pipe,35.636192,-99.884744,18,N,Y,4/7/2016
Skipout,Black Kettle National Grassland,Spider Blocks,2'-4' pvc pipe,35.637417,-99.884886,20,N,Y,4/6/2016
Skipout,Black Kettle National Grassland,Spider Blocks,2'-4' pvc pipe,35.637869,-99.881983,19,N,Y,4/5/2016
Sooner Lake,SW Corner,PVC Structure,5 Shelbyville Cubes,36.409214,-97.062887,10,Y,Y,7/24/2024
Sooner Lake,East Boat Ramp,PVC Structure,5 Shelbyville Cubes,36.407411,-97.024189,10,Y,Y,7/24/2024
Spavinaw,Pier East of Island,Brush Pile, ,36.37956,-95.04085,2,Y,Y,<Null>
Spavinaw,Tag East-Near Pumphouse,Brush Pile, ,36.37563,-95.04435,12,Y,Y,<Null>
Spavinaw,Wickliff Point,Brush Pile, ,36.40405,-95.01006,12,Y,N,<Null>
Spavinaw,Tag East-Pier,Brush Pile, ,36.37763,-95.043516,15,Y,Y,<Null>
Spavinaw,East Black,Brush Pile, ,36.387316,-95.019883,17,Y,N,<Null>
Spavinaw,West Black-Near Mouth,Brush Pile, ,36.38585,-95.0384,20,Y,N,<Null>
Spavinaw,Above Hanks Hole,Brush Pile, ,36.390883,-95.01676,20,Y,N,<Null>
Spavinaw,Deadman,Brush Pile, ,36.39345,-95.02473,22,Y,N,<Null>
Spavinaw,Mid Lake,Brush Pile,Cedar tree brush row,36.39297,-95.03012,0,N,N,<Null>
Spavinaw,Mid Lake,Brush Pile,Cedar tree brush row,36.39293,-95.02916,0,N,N,<Null>
Spavinaw,Mid Lake,Brush Pile,Cedar tree brush row,36.39292,-95.0283,0,N,N,<Null>
Spavinaw,Lower Lake,Spider Blocks,Many spider blocks,36.37513,-95.04519,0,N,N,7/10/2018
Spavinaw,Lower Lake,Spider Blocks,Many spider blocks,36.37624,-95.0441,0,N,N,7/10/2018
Spavinaw,Lower Lake,Spider Blocks,Many spider blocks,36.39059,-95.03582,0,N,Y,7/9/2018
Spavinaw,Lower Lake,Spider Blocks,Many spider blocks,36.38431,-95.04803,0,N,Y,7/9/2018
Spavinaw,Lower Lake,Spider Blocks,Many spider blocks,36.39019,-95.03931,0,N,Y,7/9/2018
Spavinaw,Lower Lake,Spider Blocks,Many spider blocks,36.39005,-95.04004,0,N,Y,7/9/2018
Spavinaw,Lower Lake,Spider Blocks,Many spider blocks,36.39046,-95.03602,0,N,Y,7/9/2018
Spavinaw,Lower Lake,Spider Blocks,Many spider blocks,36.39116,-95.03288,0,Y,N,7/9/2018
Spavinaw,Mid Lake,Brush Pile, ,36.39297,-95.03012,0,N,N,8/24/2015
Spavinaw,Mid Lake,Brush Pile, ,36.39293,-95.02916,0,N,N,8/24/2015
Spavinaw,Mid Lake,Brush Pile, ,36.39292,-95.0283,0,N,N,8/24/2015
Sportsman,Fishing Dock,PVC Structure,Shelbyville Cubes,35.20975,-96.550944,0,N,Y,3/1/2024
Sportsman Lake,Cove South of Dam,Brush Pile, ,35.1995,-96.54325,0,Y,N,<Null>
Sportsman Lake,Cove NE of W Boat Ramp,Brush Pile, ,35.212972,-96.547361,0,Y,N,<Null>
Sportsman Lake,Cove 4,Brush Pile, ,35.207361,-96.553111,0,Y,Y,<Null>
Sportsman Lake,Main Boat Ramp Cove,Brush Pile, ,35.210777,-96.551722,0,Y,Y,<Null>
Sportsman Lake,Cove 7,Brush Pile, ,35.203944,-96.548277,0,Y,N,<Null>
Sportsman Lake,Fishing dock,Spider Blocks, ,35.20975,-96.550944,0,N,Y,<Null>
Sportsman Lake,Cove NE of W Boat Ramp,Brush Pile,"7 cedars, 4 Hardwoods",35.212972,-96.547361,0,Y,N,3/2/2019
Sportsman Lake,Main Boat Ramp Cove,Brush Pile,8 cedars,35.210777,-96.551722,0,Y,Y,3/2/2019
Sportsman Lake,Fishing dock,Brush Pile,"spiders, 5 cedars",35.20975,-96.550944,0,N,Y,3/2/2019
Sportsman Lake,West of main ramp on south bank,Brush Pile,3 Hardwood,35.21285,-96.55788,0,Y,N,3/2/2019
Sportsman Lake,Cove 2 - hump in back of cove,Brush Pile,"8 Hardwood, 2 Cedars",35.21295,-96.56135,0,Y,N,3/2/2019
Sportsman Lake,Cove 2 - channel,Brush Pile,"4 Hardwood, 2 Cedars",35.2133,-96.5607,0,Y,N,3/2/2019
Sportsman Lake,Cove 4 Parking Area,Brush Pile,13 Cedars,35.205008,-96.55585,10,Y,Y,3/2/2019
Sportsman Lake,North Side of Island,Brush Pile,"2 Cedars, 8 hardwoods",35.214,-96.557183,10,Y,No,3/2/2019
Sportsman Lake,Twin points north of swimming area (West Point),Combination,"spiders, 4 Hardwoods",35.2145,-96.55363,0,Y,N,3/2/2019
Sportsman Lake,Twin points north of swimming area (East Point),Combination,"spiders, 6 Hardwoods",35.21455,-96.5533,0,Y,N,3/2/2019
Sportsman Lake,Cove NW of Cove 2 ramp,Combination,"spiders,4 Hardwood, 3 Cedars",35.21501,-96.56123,0,Y,N,3/2/2019
Spring Creek,Black Kettle National Grassland,Spider Blocks,2'-4' pvc pipe,35.772017,-99.8367,22,N,Y,5/17/2016
Spring Creek,Black Kettle National Grassland,Spider Blocks,2'-4' pvc pipe,35.771742,-99.837611,19,N,N,5/16/2016
Spring Creek,Black Kettle National Grassland,Spider Blocks,2'-4' pvc pipe,35.773097,-99.836917,13,N,N,5/15/2016
Spring Creek,Black Kettle National Grassland,Spider Blocks,2'-4' pvc pipe,35.774972,-99.837069,10,N,Y,5/14/2016
Stanley Draper,Pier 6,Combination,Stake buckets and PVC condos,35.374722,-97.374722,10,N,Y,1/1/2008
Stanley Draper,North Pt. Fishing Pier,Other,Stake buckets,35.374722,-97.374722,10,N,Y,1/1/2008
Stanley Draper,Rose Rock Isle,PVC Structure, ,35.348611,-97.358611,10,N,Y,1/1/2008
Stanley Draper,Pier 23,Combination,Stake buckets and PVC condos,35.33,-97.340833,10,N,Y,1/1/2006
Stanley Draper,Pier 19,Combination,Stake buckets and PVC condos,35.349444,-97.339167,10,N,Y,1/1/2006
Stanley Draper,Pier 4,Combination,Stake buckets and PVC condos,35.358889,-97.367778,10,N,Y,1/1/2006
Stanley Draper,Concession Boat Ramp East Jetty,PVC Structure, ,35.363333,-97.371667,15,N,Y,1/1/2006
Stanley Draper,Concession Ramp Cove West Jetty,PVC Structure, ,35.363889,-97.373889,15,N,Y,1/1/2006
Stigler City Lake,Dam Corner,Spider Blocks, ,35.228634,-95.098133,0,N,Y,<Null>
Stigler City Lake,Dock,Spider Blocks, ,35.230689,-95.096635,0,N,Y,<Null>
Stigler City Lake,Cove,Spider Blocks, ,35.231026,-95.097221,0,N,N,<Null>
Stigler City Lake,North side  near parking/camping,Spider Blocks,69 spider blocks,35.230183,-95.096517,9,Y,Y,6/11/2020
Stigler City Lake,Southwest corner of dam by spillway,Spider Blocks,65 spider blocks,35.226012,-95.097297,6,N,Y,7/26/2016
Stigler City Lake, ,Spider Blocks, ,35.23123,-95.097221,9,N,N,11/1/2009
Stigler City Lake, ,Spider Blocks, ,35.23073,-95.09646,9,N,Y,11/1/2009
Stigler City Lake, ,Spider Blocks,10 Spider Blocks,35.2261,-95.09654,10,N,Y,11/1/2009
Stigler City Lake, ,Spider Blocks,5 Spider Blocks,35.2306,-95.09645,11,N,N,11/1/2009
Stigler City Lake, ,Spider Blocks, ,35.22776,-95.09777,13,N,Y,11/1/2009
Stigler City Lake, ,Spider Blocks, ,35.22619,-95.09728,13,N,Y,11/1/2009
Stigler City Lake, ,Spider Blocks, ,35.23075,-95.09648,16,N,N,11/1/2009
Stigler City Lake, ,Spider Blocks, ,35.22721,-95.09755,16,N,Y,11/1/2009
Stigler City Lake, ,Spider Blocks, ,35.22834,-95.09798,17,N,Y,11/1/2009
Stillwell City Lake,Fireman's Cove,Brush Pile,1 large cedar,35.765021,-94.714122,15,Y,N,10/9/2020
Stilwell City Lake, ,Brush Pile, ,35.772435,-94.712025,12,N,Y,<Null>
Stilwell City Lake, ,Brush Pile, ,35.764884,-94.712694,12,N,Y,<Null>
Stilwell City Lake, ,Brush Pile, ,35.766271,-94.707665,12,N,Y,<Null>
Stilwell City Lake, ,Brush Pile, ,35.761625,-94.708706,12,N,Y,<Null>
Stilwell City Lake,East side,Brush Pile,11 large cedars,35.76695,-94.71011,15,Y,N,10/9/2020
Sulpher Veterans Lake,North Dam,Brush Pile,Hardwoods,34.491667,-96.986994,12,Y,Y,2/13/2019
Sulpher Veterans Lake,North Dam,Brush Pile,Hardwoods,34.491389,-96.986667,12,Y,Y,2/13/2019
Sulpher Veterans Lake,East Cove (Southwest),Brush Pile,Hardwoods,34.489444,-96.981111,15,Y,N,2/13/2019
Sulpher Veterans Lake,East Cove (South),Brush Pile,Hardwoods,34.49,-96.979167,15,Y,N,2/13/2019
Sulpher Veterans Lake, ,Brush Pile,Hardwoods,34.490278,-96.9825,14,Y,Y,2/13/2019
Taft,spillway,Pallet,pallet structure,35.737919,-95.530912,18,Y,N,10/10/2017
Taft,dam,Pallet,pallet structure,35.7381,-95.534437,15,Y,N,10/10/2017
Taft,Taft #1,Spider Blocks, ,35.73697,-95.53235,8,N,Y,10/20/2009
Taft,Taft #2,Spider Blocks, ,35.73786,-95.53061,13,N,Y,10/20/2009
Tecumseh,Point north of pavilion,Brush Pile, ,35.291972,-96.956,0,N,Y,3/10/2011
Tecumseh,Point north of pavilion,Brush Pile, ,35.291833,-96.956166,0,N,Y,3/10/2011
Tecumseh,Point north of pavilion,Brush Pile, ,35.291444,-96.956694,0,N,Y,3/10/2011
Tecumseh,Pavilion cove,Brush Pile, ,35.291083,-96.956666,0,N,Y,3/10/2011
Tecumseh,Pavilion cove,Brush Pile, ,35.291111,-96.95675,0,N,Y,3/10/2011
Tecumseh,Pavilion cove,Brush Pile, ,35.291111,-96.956944,0,N,Y,3/10/2011
Tecumseh,Pavilion cove,Brush Pile, ,35.291277,-96.957083,0,N,Y,3/10/2011
Tecumseh,Pavilion cove,Brush Pile, ,35.291305,-96.957138,0,N,Y,3/10/2011
Tecumseh,Second tree north of boat ramp,Brush Pile, ,35.289444,-96.9585,0,N,Y,3/10/2011
Tecumseh,First tree north of boat ramp,Brush Pile, ,35.289361,-96.958527,0,Y,Y,3/10/2011
Tecumseh,First tree south of boat ramp,Brush Pile, ,35.288722,-96.958277,0,N,Y,3/10/2011
Tecumseh,Second tree south of boat ramp,Brush Pile, ,35.288666,-96.958222,0,N,Y,3/10/2011
Tecumseh,Pavilion area,Spider Blocks, ,35.291444,-96.957555,0,N,Y,3/10/2011
Tecumseh,Pavilion area,Spider Blocks, ,35.291527,-96.957583,0,N,Y,3/10/2011
Tecumseh,Pavilion area,Spider Blocks, ,35.291472,-96.957472,0,Y,Y,3/10/2011
Tecumseh,Pavilion area,Spider Blocks, ,35.291333,-96.957527,0,N,Y,3/10/2011
Tecumseh,Pavilion area,Spider Blocks, ,35.291361,-96.957416,0,N,Y,3/10/2011
Tecumseh,Pavilion area,Spider Blocks, ,35.291444,-96.95725,0,Y,Y,3/10/2011
Tenkiller,Strayhorn Day Use,Spider Blocks,7 Spider Blocks,35.6191,-95.0671,0,N,Y,<Null>
Tenkiller,Snake Creek,Brush Pile,7 Cedars,35.6375,-94.9768,12,N,N,12/21/2022
Tenkiller,Snake Creek,Brush Pile,10 Cedars,35.6394,-94.9738,12,N,N,12/21/2022
Tenkiller,Snake Creek,Brush Pile,7 cedars,35.6407,-94.9712,20,N,N,12/21/2022
Tenkiller,Snake Creek,Brush Pile,5 cedars,35.6483,-94.9831,23,N,N,12/21/2022
Tenkiller,Snake Creek,Brush Pile,7 cedars,35.648,-94.9839,15,N,N,12/21/2022
Tenkiller,Snake Creek,Brush Pile,11 cedars,35.6497,-94.9858,21,N,N,12/21/2022
Tenkiller,Snake Creek,Brush Pile,7 cedars,35.6508,-94.9838,23,N,N,12/21/2022
Tenkiller,Snake Creek,Brush Pile,7 cedars,35.6562,-94.9781,27,N,N,12/21/2022
Tenkiller,Snake Creek,Brush Pile,6 cedars,35.6563,-94.9774,24,N,N,12/21/2022
Tenkiller,Snake Creek,Brush Pile,4 cedars,35.6398,-94.9753,23,N,N,12/21/2022
Tenkiller,NA,Brush Pile,12 cedar trees,35.7376,-94.9237,27,N,N,12/20/2022
Tenkiller,NA,Brush Pile,6 Cedar trees,35.7412,-94.9245,18,N,N,12/20/2022
Tenkiller,NA,Brush Pile,7 cedars,35.7466,-94.9306,22,N,N,12/20/2022
Tenkiller,NA,Brush Pile,7 cedars,35.7579,-94.9305,20,N,N,12/20/2022
Tenkiller,NA,Brush Pile,4 cedars,35.7544,-94.9256,16,N,N,12/20/2022
Tenkiller,Cherokee Landing,Brush Pile,6 cedars,35.7584,-94.9099,18,N,Y,12/20/2022
Tenkiller,NA,Brush Pile,8 cedars,35.7555,-94.9112,16,N,Y,12/20/2022
Tenkiller,NA,Brush Pile,9 cedars,35.7632,-94.9215,12,N,N,12/20/2022
Tenkiller,Cherokee Landing,Brush Pile,6 cedars,35.7615,-94.9109,20,N,Y,12/20/2022
Tenkiller,Iron post,Brush Pile,1 tree,35.7658,-94.922,25,N,N,12/14/2021
Tenkiller,Iron post,Brush Pile,1 large tree,35.7654,-94.9223,17.5,N,N,12/14/2021
Tenkiller,Strayhorn Cove,Brush Pile,1 large tree,35.7645,-94.9284,22,N,N,12/14/2021
Tenkiller,Caney Creek,Brush Pile,1 tree,35.7716,-94.878,12,N,N,12/14/2021
Tenkiller,Sizemore,Brush Pile,5 cedars,35.723317,-94.967817,14,N,Y,12/9/2020
Tenkiller,Sizemore,Brush Pile,5 cedars,35.719283,-94.949367,19,N,N,12/9/2020
Tenkiller,Pettit,Brush Pile,3 huge trees,35.736933,-94.960167,25,N,N,12/9/2020
Tenkiller,Pettit,Brush Pile,5 cedars,35.732633,-94.94865,15,N,N,12/9/2020
Tenkiller,Pettit,Brush Pile,4 cedars,35.733867,-94.959333,17,N,N,12/9/2020
Tenkiller,Sizemore,Brush Pile,5 large cedars,35.71765,-94.956533,14,N,N,12/9/2020
Tenkiller,Sizemore,Brush Pile,12 cedars,35.716567,-94.951167,15,N,N,12/9/2020
Tenkiller,Dry Creek Arm,Spider Blocks,22 Spider Blocks,35.75953,-94.88554,11,N,N,2/25/2010
Tenkiller,Dry Creek Arm,Spider Blocks,24 Spider Blocks,35.75892,-94.8834,11,N,N,2/25/2010
Tenkiller,Dry Creek Arm,Spider Blocks,24 Spider Blocks,35.75696,-94.88054,12,N,N,2/25/2010
Tenkiller,Dry Creek Arm,Spider Blocks, ,35.76056,-94.89059,13,N,N,2/25/2010
Tenkiller,Dry Creek Arm,Spider Blocks, ,35.7611,-94.88477,15,N,Y,2/25/2010
Tenkiller,Rock Jetty,Spider Blocks, ,35.5942,-95.0434,8,N,N,8/1/2006
Tenkiller,Rock Jetty,Spider Blocks, ,35.5943,-95.043,8,N,N,8/1/2006
Tenkiller,Rock Jetty,Spider Blocks, ,35.5944,-95.0439,8,N,N,8/1/2006
Tenkiller,Rock Jetty,Spider Blocks, ,35.5947,-95.0436,8,N,N,8/1/2006
Tenkiller,Pettit Bay,Combination,2 Large A-Frame pallets with 10 spiders running NE,35.7542,-94.9497,5,N,Y,3/1/2006
Tenkiller,Pettit Bay,Combination,Cluster of 8 A-frame pallets running NE,35.754,-94.9497,6,N,Y,3/1/2006
Tenkiller,Pettit Bay,Tire Reefs, ,35.754,-94.95,9,N,N,3/1/2006
Tenkiller,Linder Cove,Combination,Cedar & oak brush along boulder cluster,35.6299,-95.0729,9,N,N,1/18/2006
Tenkiller,Linder Cove,Pallet,2 Pallets stacked against snag,35.6298,-95.0731,7,N,N,1/18/2006
Tenkiller,Linder Cove,Pallet, ,35.6298,-95.0731,8,N,N,1/18/2006
Tenkiller,Linder Cove,Pallet,2 Pallets stacked against snag,35.6298,-95.0729,10,N,N,1/18/2006
Tenkiller,Linder Cove,Pallet,2 Pallets stacked against snag,35.6298,-95.0727,11,N,N,1/18/2006
Tenkiller,Linder Cove,Pallet,2 Pallets stacked against snag,35.6298,-95.0724,11,N,N,1/18/2006
Tenkiller,Linder Cove,Pallet,2 Pallets stacked against snag,35.6298,-95.0725,11,N,N,1/18/2006
Tenkiller,Linder Cove,Pallet,2 Pallets stacked against snag,35.6298,-95.0723,11,N,N,1/18/2006
Tenkiller,Linder Cove,Pallet,2 Pallets stacked against snag,35.6297,-95.0721,12,N,N,1/18/2006
Tenkiller,Linder Cove,Pallet,2 Pallets stacked against snag,35.6298,-95.0721,12,N,N,1/18/2006
Tenkiller,Linder Cove,Pallet,2 Pallets stacked against snag,35.63,-95.072,12,N,N,1/18/2006
Tenkiller,Carlisle Cove,Combination,Pallets & Boulders,35.7236,-94.9363,8,N,N,1/12/2006
Tenkiller,Carlisle Cove,Other,Large Rock Ledge,35.724,-94.9359,4,N,N,1/12/2006
Tenkiller,Carlisle Cove,Pallet,A-frame pallet,35.7251,-94.9353,10,N,N,1/12/2006
Tenkiller,Carlisle Cove,Spider Blocks, ,35.725,-94.9352,8,N,N,1/12/2006
Tenkiller,Cookson,Pallet,10 A-Frame pallets,35.7034,-94.9506,9,N,N,12/15/2005
Tenkiller,Cookson,Pallet,A-frame pallets (5),35.7023,-94.9511,10,N,N,12/15/2005
Tenkiller,Cookson,Pallet,A-frame pallet,35.7028,-94.95,12,N,N,12/15/2005
Tenkiller,Cookson,Pallet,A-frame pallets on stump,35.7028,-94.95,12,N,N,12/15/2005
Tenkiller,Cookson,Spider Blocks,"10 man-made ""spiders""",35.7037,-94.9519,11,N,N,12/15/2005
Tenkiller,Pigeon road,Combination,Man-made - PVC and tires,35.6684,-94.9947,12,N,N,12/5/2005
Tenkiller,Pigeon road,Pallet,4 large Honeylocusts on rock ledge,35.6707,-94.9954,7,N,N,12/5/2005
Tenkiller,Pettit Bay,Combination,A-frame pallets with cedar attached,35.7549,-94.9524,12,N,N,11/15/2005
Tenkiller,Pettit Bay,Combination,Cedar with 2 pallets,35.7577,-94.9563,8,N,N,11/15/2005
Tenkiller,Pettit Bay,Combination,A-frame pallets with elm & cedar att. to snag,35.7569,-94.9561,9,N,N,11/15/2005
Tenkiller,Pettit Bay,Combination,A-frame pallets with cedar and button bush attach,35.757,-94.954,10,N,N,11/15/2005
Tenkiller,Pettit Bay,Combination,2 pallets with elm & cedar att. to 2 large snags,35.7569,-94.9558,11,N,N,11/15/2005
Tenkiller,Pettit Bay,Combination,A-frame pallets with cedar attached,35.7548,-94.9522,12,N,N,11/15/2005
Tenkiller,Pettit Bay,Combination,A-frame pallets with cedar & elm attached,35.7552,-94.9523,12,N,N,11/15/2005
Tenkiller,Pettit Bay,Combination,A-frame pallets with medium elm attached,35.7559,-94.9526,12,N,N,11/15/2005
Tenkiller,Pettit Bay,Combination,A-frame pallets with large elm attached,35.7561,-94.953,12,N,N,11/15/2005
Tenkiller,Pettit Bay,Combination,A-frame pallets with large cedar attached,35.7564,-94.9532,12,N,N,11/15/2005
Tenkiller,Pettit Bay,Combination,A-frame pallets with 2 cedars attached,35.7566,-94.9536,12,N,N,11/15/2005
Tenkiller,Burnt Cabin,Combination,2 20' elms attached to snags,35.6758,-95.0251,6,N,N,10/28/2005
Tenkiller,Burnt Cabin,Combination,1 30' elm tied in between 2 snags,35.6762,-95.0249,6,N,N,10/28/2005
Tenkiller,Burnt Cabin,Combination,2 elms - 25' tall on rocky knoll S. of 10' snag,35.6764,-95.0253,6,N,N,10/28/2005
Tenkiller,Burnt Cabin,Combination,3 med. Elms - 15' tall on rocky knoll,35.6766,-95.025,6,N,N,10/28/2005
Tenkiller,Burnt Cabin,Pallet,2 pallets on snag,35.6763,-95.0248,7,N,N,10/28/2005
Tenkiller,Snake Creek,Pallet,2 pallets on top of stump.,35.6392,-94.9736,10,N,N,10/28/2005
Tenkiller,Burnt Cabin,Pallet,2 pallets attached to tall snag,35.6755,-95.0246,10,N,N,10/28/2005
Tenkiller,Burnt Cabin,Pallet,2 pallets leaned against snag.,35.6772,-95.0233,10,N,N,10/28/2005
Tenkiller,Burnt Cabin,Pallet,2 pallets leaned against snag.,35.6772,-95.0234,10,N,N,10/28/2005
Tenkiller,Burnt Cabin,Pallet,2 pallets leaned against snag.,35.6774,-95.0233,10,N,N,10/28/2005
Tenkiller,Burnt Cabin,Pallet,2 pallets leaned against snag.,35.6775,-95.023333,10,N,N,10/28/2005
Tenkiller,Burnt Cabin,Pallet,2 pallets leaned against snag.,35.6776,-95.0238,10,N,N,10/28/2005
Tenkiller,Burnt Cabin,Pallet,2 pallets leaned against snag.,35.6778,-95.0237,10,N,N,10/28/2005
Tenkiller,Burnt Cabin,Pallet,2 pallets leaned against snag.,35.6781,-95.0234,10,N,N,10/28/2005
Tenkiller,Snake Creek,Pallet,2 pallets on top of stump,35.6394,-94.973,11,N,N,10/28/2005
Tenkiller,Burnt Cabin,Pallet,2 pallets attached to snag,35.6753,-95.0242,11,N,N,10/28/2005
Tenkiller,Burnt Cabin,Pallet,2 pallets leaned against snag,35.6758,-95.0243,11,N,N,10/28/2005
Tenkiller,Burnt Cabin,Pallet,2 pallets leaned against snag,35.6765,-95.0242,12,N,N,10/28/2005
Tenkiller,Cato Creek,Combination,Triangle pallets w/ cedar tree and boulder clusters,35.6362,-94.9761,5,N,N,10/27/2005
Tenkiller,Cato Creek,Combination,Triangle pallets w/ cedar tree & boulder cluster,35.6354,-94.9758,6,N,N,10/27/2005
Tenkiller,Cato Creek,Combination,"Two sets of triangle pallets, 2 lg. boulders & cedar tree",35.6356,-94.9752,6,N,N,10/27/2005
Tenkiller,Cato Creek,Combination,Triangle pallets w/ cedar tree and boulder clusters,35.6357,-94.9757,6,N,N,10/27/2005
Tenkiller,Cato Creek,Combination,Triangle pallets w/ cedar tree and boulder,35.6364,-94.9761,8,N,N,10/27/2005
Tenkiller,Cato Creek,Combination,Triangle pallets w/ cedar and boulders along small ledge,35.6358,-94.9753,9,N,N,10/27/2005
Tenkiller,Cato Creek,Combination,Triangle pallets w/ 2 lg. boulders and elm on each side of pallets,35.6363,-94.9756,9,N,N,10/27/2005
Tenkiller,Cato Creek,Pallet,Triangle pallets w/ 1 pallet att. laying flat on east side w/ cedar,35.6361,-94.9751,10,N,N,10/27/2005
Tenkiller,Linder Cove,Pallet,2 Pallets stacked against snag,35.63,-95.072,7,N,N,1/18/2005
Tenkiller,Linder Cove,Pallet,2 Pallets stacked against snag,35.6299,-95.072,9,N,N,1/18/2005
Tenkiller,Sizemore Ck,Combination,Cedar tree brush row back of creek on north side,35.7242,-94.9712,6,N,N,10/1/2002
Tenkiller Lake,Carlisle Cove,Brush Pile,6 cedars,35.723043,-94.936881,10,N,Y,12/7/2016
Tenkiller Lake,Carlisle Cove,Brush Pile,15 cedars,35.72362,-94.939716,12,N,Y,12/7/2016
Tenkiller Lake,Carlisle Cove,Brush Pile,8 cedars,35.723895,-94.93829,10,N,Y,12/7/2016
Tenkiller Lake,Carlisle Cove,Brush Pile,4 cedar trees,35.723895,-94.941332,8,N,Y,12/7/2016
Tenkiller Lake,Linder Cove,Other,8 Spawning Benches,35.630472,-95.070867,6,N,Y,9/2/2015
Texoma,Buncombe Creek (Small Cove West Bank),Brush Pile,Shelbyville Cube,33.895833,-96.803889,11,Y,Y,6/1/2024
Texoma,Buncombe Creek (Deep Cove East Bank),Brush Pile,Shelbyville Cube,33.898611,-96.794444,17,Y,Y,6/1/2024
Texoma,Buncombe Creek (Southeast),PVC Structure,Shelbyville Cube,33.8891,-96.79068,15,Y,Y,6/1/2024
Texoma,Buncombe Creek,Brush Pile,Cedar trees,33.8891,-96.79068,15,Y,N,12/10/2020
Texoma,Caney Creek (1st Small Cove West),Brush Pile,Cedar trees,33.928528,-96.701411,19,Y,Y,12/10/2020
Texoma,Caney Creek (Large  Cove West),Brush Pile,Cedar trees,33.932611,-96.702694,13,Y,N,12/10/2020
Texoma,Sand Creek,Brush Pile,Cedar trees,33.923111,-96.733907,11,Y,N,12/9/2020
Texoma,Caney Creek (2nd Small Cove West),Brush Pile,Cedar trees,33.929194,-96.701389,15,Y,N,12/9/2020
Texoma,Soldier Creek (North East),Brush Pile,Cedar trees,33.934361,-96.680278,19,Y,N,12/9/2020
Texoma,Rock Creek West,Brush Pile,Cedar trees,33.93205,-96.72232,17,Y,N,12/9/2020
Texoma,Little Glasses Cove (Ramp cove),Brush Pile,Cedar trees,34.008889,-96.648889,16,Y,N,3/14/2017
Texoma,Little Glasses (West Cove),Brush Pile,Cedar trees,34.01086,-96.65984,16,Y,N,3/14/2017
Texoma,Railroad Bridge (1st Cove North),Brush Pile,Cedar trees,33.971944,-96.601389,16,Y,N,3/14/2017
Texoma,East Willow Springs,Brush Pile,Cedar trees,33.97459,-96.56364,16,Y,N,3/14/2017
Texoma,Alberta Creek (1st Cove South),Brush Pile,Cedar trees,33.948472,-96.6015,18,Y,N,3/14/2017
Texoma,Alberta Creek (2nd Cove South),Brush Pile,Cedar trees,33.9395,-96.598833,18,Y,N,3/14/2017
Texoma,Sunset Cove (Upper End),Brush Pile,Cedar trees,33.881944,-96.575279,15,Y,Y,3/6/2013
Texoma,Burns Run,Brush Pile,Cedar trees,33.848889,-96.585,17,Y,N,3/6/2013
Texoma,Newberry Creek Area (East),Brush Pile,Cedar trees,34.01976,-96.55241,15,Y,N,3/23/2011
Texoma,McGlaughin Creek Ramp (Roads End),Brush Pile,Cedar trees,33.934722,-96.650556,15,Y,Y,3/23/2011
Texoma,Johnson Creek Area,Brush Pile,Cedar trees,33.999167,-96.573611,15,Y,N,3/15/2011
Texoma,Johnson Creek Area,Brush Pile,Cedar trees,34.003056,-96.570556,15,Y,N,3/15/2011
Texoma,Johnson Creek Area,Brush Pile,Cedar trees,34.005833,-96.575,15,Y,N,3/15/2011
Texoma,Lakeside North,Brush Pile,Cedar trees,33.939389,-96.55661,15,Y,Y,3/15/2011
Texoma,Lakeside North (Near Fish Attractor),Brush Pile,Cedar trees,33.937222,-96.55661,15,N,Y,3/15/2011
Texoma,East Rock Creek (Duck Island),Brush Pile,Cedar trees,33.944722,-96.535556,15,Y,N,3/15/2011
Texoma,Platter Flats Ramp (2nd Cove North),Brush Pile,Cedar trees,33.931111,-96.539167,15,Y,N,3/15/2011
Texoma,Platter Flats Ramp (1st Cove North),Brush Pile,Cedar trees,33.927778,-96.541667,15,Y,N,3/15/2011
Texoma,Platter Flats Ramp Cove,Brush Pile,Cedar trees,33.923889,-96.545,15,Y,Y,3/15/2011
Texoma,Platter Flats Ramp (1st Cove West),Brush Pile,Cedar trees,33.924444,-96.549167,15,Y,N,3/15/2011
Texoma,Rock Creek Bridge Near Platter,Spider Blocks,Spider blocks,33.94521,-96.53499,8,N,N,1/31/2010
Texoma,Rock Creek Bridge Near Platter,Spider Blocks,Spider blocks,33.94606,-96.53543,8,N,N,1/31/2010
Texoma,Rock Creek Bridge Near Platter,Spider Blocks,Spider blocks,33.94632,-96.53781,8,N,N,1/31/2010
Texoma,Bowman's Point near Lakeside,Spider Blocks,Spider blocks,33.93552,-96.56255,8,N,N,1/31/2010
Texoma,Bowman's Point near Lakeside,Spider Blocks,Spider blocks,33.93466,-96.56276,8,N,N,1/31/2010
Texoma,Platter area,Spider Blocks,Spider blocks,33.93003,-96.53697,8,N,N,1/31/2010
Texoma,Caney Arm (Large West Cove Near Buoy),Spider Blocks,Spider blocks,33.93139,-96.70124,8,N,N,1/31/2010
Texoma,Caney arm (North),Spider Blocks,Spider blocks,33.93842,-96.70136,8,N,N,1/31/2010
Texoma,Caney arm (Northeast),Spider Blocks,Spider blocks,33.94069,-96.6984,8,N,N,1/31/2010
Texoma,Caney arm (Northeast),Spider Blocks,Spider blocks,33.93759,-96.69818,8,N,N,1/31/2010
Texoma,Caney arm (East),Spider Blocks,Spider blocks,33.93522,-96.69776,8,N,N,1/31/2010
Texoma,Rock Creek (East),Spider Blocks,Spider blocks,33.93241,-96.71655,8,N,N,1/31/2010
Texoma,Rock Creek (East),Spider Blocks,Spider blocks,33.9344,-96.71998,8,N,N,1/31/2010
Texoma,Rock Creek (West),Spider Blocks,Spider blocks,33.93335,-96.72308,8,N,N,1/31/2010
Texoma,Buncombe Creek (East Near Attractor),Spider Blocks,Spider blocks,33.88971,-96.79057,8,N,N,1/31/2010
Texoma,Buncombe Creek (East),Spider Blocks,Spider blocks,33.89619,-96.79641,8,N,N,1/31/2010
Texoma,Buncombe Creek (Northeast),Spider Blocks,Spider blocks,33.89802,-96.79716,8,N,N,1/31/2010
Texoma,Buncombe Creek (Northeast),Spider Blocks,Spider blocks,33.90256,-96.80072,8,N,N,1/31/2010
Texoma,Soldier Creek (Northwest),Spider Blocks,Spider blocks,33.93603,-96.68253,8,N,N,1/31/2010
Texoma,Soldier Creek (Northwest),Spider Blocks,Spider blocks,33.934075,-96.682578,8,N,N,1/31/2010
Texoma,Soldier Creek (East),Spider Blocks,Spider blocks,33.92863,-96.6787,8,N,N,1/31/2010
Texoma,Soldier Creek (East),Spider Blocks,Spider blocks,33.927618,-96.676671,8,N,N,1/31/2010
Thunderbird,Clear Bay East,Brush Pile,Cedar trees,35.20199,-97.25669,0,Y,N,7/11/2019
Thunderbird,Hog Creek (East),Brush Pile,Cedar trees,35.24642,-97.22704,0,Y,N,7/11/2019
Thunderbird,Indian Point,Brush Pile,Cedar trees,35.25043,-97.24301,0,N,N,7/11/2019
Thunderbird,Little Sandy Camp Bluff,Brush Pile,Cedar trees,35.24215,-97.23742,0,Y,Y,7/11/2019
Thunderbird,Turkey Pass Fishing Pier,Combination,"Spider blocks, gravel, brush",35.21166,-97.25125,0,Y,Y,7/11/2019
Thunderbird,Clear Bay West,Gravel Pile,Gravel,35.21277,-97.2576,0,Y,N,7/11/2019
Thunderbird,Willow Branch Cove,Brush Pile,Cedar trees,35.26249,-97.23485,0,Y,N,7/11/2012
Thunderbird,Little Sandy Camp Bluff,Brush Pile,Cedar trees,35.2425,-97.237222,0,Y,Y,7/4/2012
Thunderbird,South Dam Cove,Combination,Brush piles and spider blocks,35.216389,-97.2225,0,Y,Y,7/4/2012
Thunderbird,Little Axe Fishing Pier,Combination,"Bruah piles, gravel, spider blocks",35.237778,-97.223333,0,Y,Y,7/4/2012
Thunderbird,Denver Corner Ramp,Brush Pile,Cedar trees,35.226389,-97.280833,0,N,Y,7/2/2010
Thunderbird,Little Axe Campground,Combination,Gravel and spider,35.232222,-97.223611,0,N,Y,7/2/2010
Thunderbird,Clear Bay West Cove,Spider Blocks,Spider blocks,35.199722,-97.265278,0,N,N,7/2/2010
Thunderbird,Little Axe Road Bed Pt.,Spider Blocks,Spider blocks,35.232222,-97.215833,0,N,Y,7/2/2010
Thunderbird,Clear Bay main Pt West,Spider Blocks,Spider blocks,35.216944,-97.256389,0,N,N,7/2/2010
Thunderbird,Dave Blue Island,Spider Blocks,Spider blocks,35.2175,-97.25433,0,N,N,7/2/2010
Thunderbird,Turkey Pass Swim Beach,Spider Blocks,Spider blocks,35.203611,-97.254722,0,N,Y,7/2/2010
Thunderbird,Clear Bay West,Gravel Pile,Gravel,35.2125,-97.265278,0,N,N,6/29/2007
Thunderbird,Clear Bay West,Gravel Pile, ,35.2125,-97.256944,5,N,N,1/1/2007
Thunderbird,Little Axe Campground,Gravel Pile, ,35.233056,-97.223333,5,N,Y,1/1/2006
Tom Steed,South Bank West of Narrows,Brush Pile, ,34.74796,-98.99635,0,Y, ,<Null>
Tom Steed,Fishing Dock,Brush Pile,Cedar Trees,34.747786,-98.985617,0,N,Y,1/31/2017
Tom Steed,Boat Ramp (south of ramp),Brush Pile,Cedar Trees,34.749836,-98.981272,0,Y,Y,1/31/2017
Tom Steed,Boat Ramp,Brush Pile,Cedar Trees,34.750853,-98.981481,0,N,Y,1/31/2017
Tom Steed,Boat Ramp (Jetti East Side),Brush Pile,Cedar Trees,34.751159,-98.980761,0,N,Y,1/31/2017
Tom Steed,Boat Ramp (Jetti East Side),Brush Pile,Cedar Trees,34.750583,-98.9805,0,N,Y,1/31/2017
Tom Steed,"Narrows, East Side",Brush Pile,Cedar Trees,34.743114,-98.9873,0,N,N,1/31/2017
Tom Steed,Fishing Dock Cove,Brush Pile,Cedar Trees,34.746706,-98.987094,0,N,Y,1/31/2017
Tom Steed,Narrows east Side,Brush Pile,Cedar Trees,34.743097,-98.987242,0,N,Y,1/31/2017
Tom Steed,Boat Ramp (Jetti North of Ramp),Brush Pile,Cedar Trees,34.751778,-98.981711,0,Y,Y,1/30/2017
Tom Steed,"Narrows, East Side",Brush Pile,Cedar Trees,34.746339,-98.985808,0,N,N,1/30/2017
Tom Steed,Narrows West Side,Brush Pile,Cedar Trees,34.745481,-98.989683,0,N,N,1/30/2017
Tom Steed,Narrows West Side,Brush Pile,Cedar Trees,34.7444,-98.988744,0,N,N,1/30/2017
Tom Steed,Fishing Dock,Spider Blocks,108 spiders @fishing dock/walkway,34.747786,-98.985617,0,N,Y,12/30/2016
Vanderwork,Northeast Cove,Brush Pile, ,35.17155,-98.82637,15,Y, ,<Null>
Vanderwork,Southwest Cove,Brush Pile, ,35.16432,-98.82778,15,Y, ,<Null>
Vanderwork,Dam,Brush Pile, ,35.16321,-98.82196,25,Y,Y,<Null>
Vanderwork,near dam,Spider Blocks,7 spider blocks around dock,35.162896,-98.824568,5,N,Y,1/19/2022
Vanderwork,near dam,Spider Blocks,5 spider blocks on jetty near dock,35.163024,-98.824489,7,N,Y,1/19/2022
Vanderwork,NA,Brush Pile,Cedars,35.17111,-98.82645,10,Y,N,10/21/2020
Vanderwork,NA,Brush Pile,Cedars,35.16383,-98.82788,10,Y,N,10/21/2020
Vanderwork,NA,Brush Pile,Cedars,35.16371,-98.82186,10,Y,N,10/21/2020
Vanderwork,NA,Brush Pile,Cedars,35.16295,-98.382395,10,Y,N,10/21/2020
Vanderwork,NA,Brush Pile,Cedars,35.16342,-98.82266,10,Y,N,10/21/2020
Veterans Lake,North Dam,Brush Pile,Hardwoods,34.491813,-96.986347,15,Y,N,2/12/2019
Vian City Lake,Fishing Pier,Spider Blocks, ,35.51947,-94.97218,3,N,Y,<Null>
Vian City Lake,Jetty,Brush Pile,8 cedars,35.519502,-94.971641,10,Y,N,12/5/2019
Vincent, ,Combination,Single Tree-Old Car Body,36.0575,-99.916833,0,N, ,1/21/2009
Vincent, ,Combination,Single Tree-Old Car Body,36.057683,-99.9169,0,N, ,1/21/2009
Wane Wallace,W Wallace 4,Brush Pile,brush,34.99286,-95.35891,20,Y,N,1/15/2021
Watonga,West End Dam,Brush Pile, ,35.944567,-98.422533,3,N,Y,<Null>
Watonga,West End Dam,Brush Pile, ,35.944583,-98.422867,3,N,Y,<Null>
Watonga,West Side of Lake,Brush Pile, ,35.942817,-98.423217,4,N,Y,<Null>
Watonga,West Side of Lake,Brush Pile, ,35.943467,-98.423,4,N,Y,<Null>
Watonga,West Side of Lake,Brush Pile, ,35.943617,-98.423183,4,N,Y,<Null>
Watonga,West Side of Lake,Brush Pile, ,35.9439,-98.4239,4,N,Y,<Null>
Watonga,West Side of Lake,Brush Pile, ,35.943717,-98.422833,5,N,Y,<Null>
Watonga,Dam,Brush Pile, ,35.943817,-98.421567,6,Y,Y,<Null>
Watonga,Dam,Brush Pile, ,35.943867,-98.4215,6,Y,Y,<Null>
Watonga,Dam,Brush Pile, ,35.944267,-98.421783,6,Y,Y,<Null>
Watonga,Dam,Brush Pile, ,35.944583,-98.422017,6,Y,Y,<Null>
Watonga,West Side of Lake,Brush Pile, ,35.941283,-98.423967,8,N,Y,<Null>
Watonga,West Side of Lake,Brush Pile, ,35.941733,-98.423683,8,N,Y,<Null>
Watonga,East Side of Lake,Brush Pile, ,35.941917,-98.422317,8,N,N,<Null>
Watonga,West Side of Lake,Brush Pile, ,35.941917,-98.423517,8,N,Y,<Null>
Watonga,East Side of Lake,Brush Pile, ,35.9425,-98.421667,10,N,N,<Null>
Watonga,East Side of Lake,Brush Pile, ,35.9438,-98.421583,10,N,N,<Null>
Waurika Lake,Courm Bridge,Other,Stake beds,34.293646,-98.109434,0,n,Y,9/19/2019
Waurika Lake,Witchita Ridge,Other,Stake beds,34.279655,-98.105897,0,N,Y,9/19/2019
Wayne Wallace,W Wallace Brush 1,Brush Pile, ,34.994167,-95.358611,8,Y,N,1/16/2021
Wayne Wallace,W Wallace Brush 2,Brush Pile,brush,34.99416,-95.35333,24,Y,Y,1/15/2021
Webbers Falls,Small Cove,Brush Pile, ,35.6003,-95.26926,0,N,Y,<Null>
Webbers Falls, ,Brush Pile, ,35.598155,-95.265829,0,N,N,<Null>
Webbers Falls, ,Brush Pile, ,35.59743,-95.26351,0,N,N,<Null>
Webbers Falls,Brewers Bend,Brush Pile,3 cedars,35.57352,-95.18138,5,N,Y,9/14/2017
Webbers Falls,Brewers Bend,Brush Pile,4 cedars,35.57367,-95.18067,5,N,Y,9/14/2017
Webbers Falls,Brewers Bend,Brush Pile,7 cedars,35.57339,-95.18222,12,n,Y,9/14/2017
Webbers Falls,Brewers Bend,Brush Pile,30 good cedars,35.5722,-95.1824,13,N,N,9/14/2017
Webbers Falls,Brewers Bend,Brush Pile,7 large cedars,35.5734,-95.1822,12,N,Y,9/14/2017
Webbers Falls,Brewers Bend,Brush Pile,4 large cedars,35.5731,-95.181,7,N,N,9/14/2017
Webbers Falls,Brewers Bend,Brush Pile,4 large cedars,35.5731,-95.181,7,N,N,9/14/2017
Webbers Falls,Brewers Bend,Brush Pile,2 large cedars,35.5692,-95.1723,8,N,N,9/14/2017
Webbers Falls,Little Greenleaf,Spider Blocks,102 spider blocks,35.62098,-95.1823,12,N,N,10/13/2015
Webbers Falls,Three Forks Marina,Spider Blocks,75 Spider Blocks,35.76734,-95.29481,0,N,Y,6/28/2006
Webbers Falls,Old Bridge,Other,Log Pile,35.600618,-95.266657,0,N,N,3/8/2006
Weleetka Lake,North end of old dam,Combination,Spider blocks and Cedars,35.336816,-96.16515,0,Y,N,3/3/2021
Weleetka Lake,Dam site,Brush Pile,cedars,35.335017,-96.163533,16,N,Y,3/2/2021
Weleetka Lake,Pavilion Point,Brush Pile,Cedars,35.3348,-96.167767,10,N,Y,3/2/2021
Weleetka Lake,Point East of Pavilion,Brush Pile,Cedars,35.33485,-96.169,10,N,N,3/2/2021
Weleetka Lake,Corner of old dam,Combination,Spider blocks and Cedars,35.335616,-96.164616,0,Y,N,3/2/2021
Weleetka Lake,Spillway,Combination,Spider blocks and Cedars,35.33435,-96.164466,0,Y,Y,3/2/2021
Weleetka Lake,Cove by entrance road,Combination,Spider blocks and cedars,35.33375,-96.1664,0,Y,Y,3/2/2021
Weleetka Lake,Cove by entrance road,Spider Blocks, ,35.33733,-96.16645,0,Y,Y,5/12/2010
Wetumka,Island in south brush pile arm,Brush Pile,Cedar trees,35.278216,-96.2537,0,Y,N,12/17/2019
Wetumka,South arm east bank,Brush Pile,Cedar trees,35.27975,-96.2524,0,Y,N,12/17/2019
Wetumka,boat ramp,Brush Pile,Cedar trees,35.282527,-96.251611,0,Y,Y,12/17/2019
Wetumka,Northwest of picnic area,Brush Pile,cedar trees,35.283861,-96.250027,0,Y,Y,12/17/2019
Wetumka,Southwest of dam,Brush Pile,Cedar trees,35.284444,-96.247111,0,Y,N,12/17/2019
Wetumka,Rocky bank north brush pile of pump jetty,Brush Pile,Cedar trees,35.285355,-96.249879,0,Y,Y,12/17/2019
Wetumka,Rocky point east brush pile,Brush Pile,Cedar trees,35.28775,-96.254766,0,Y,N,12/17/2019
Wetumka,East side of pump jetty,Brush Pile,Cedar trees,35.284633,-96.24865,0,Y,N,12/17/2019
Wetumka,West side of pump jetty,Brush Pile,Cedar trees,35.28455,-96.24885,0,Y,N,12/17/2019
Wetumka,West side south arm,Brush Pile,Cedar trees,35.280994,-96.2536,0,N,N,12/17/2019
Wetumka Lake,Boat Ramp,Brush Pile, ,35.282527,-96.251611,0,Y,N,<Null>
Wetumka Lake,Nort of West Picnic Area,Brush Pile, ,35.283861,-96.250027,0,Y,N,<Null>
Wetumka Lake,Northwest of Dam,Brush Pile, ,35.287138,-96.24775,0,Y,N,<Null>
Wetumka Lake,West of Boat Ramp,Brush Pile, ,35.282583,-96.253388,0,Y,N,<Null>
Wetumka Lake,Southwest of Dam,Brush Pile, ,35.284444,-96.247111,0,Y,N,<Null>
Wewoka,Wewoka,Brush Pile,cedar trees,35.1917,-96.5231,14,N,Y,2/10/2023
Wewoka,Wewoka,Brush Pile,cedar trees,35.1905,-96.524,15,N,Y,2/10/2023
Wewoka,Wewoka,Brush Pile,cedar trees,35.1818,-96.522,10,N,Y,2/10/2023
Wewoka,Wewoka,Brush Pile,cedar trees,35.1978,-96.5198,8,N,Y,2/10/2023
Wewoka,Wewoka,Brush Pile,cedar trees,35.1929,-96.5239,6,N,Y,2/10/2023
Wewoka,Wewoka,Brush Pile,cedar trees,35.1908,-96.5251,8,N,Y,2/10/2023
Wewoka,Wewoka,Brush Pile,cedar trees,35.1989,-96.5171,9,N,Y,2/10/2023
Wewoka,Wewoka,Brush Pile,cedar trees,35.1985,-96.5172,8,N,Y,2/10/2023
Wewoka,Wewoka,Brush Pile,cedar trees,35.1959,-96.517,9,N,Y,2/10/2023
Wewoka,Wewoka,Brush Pile,cedar trees,35.1914,-96.5211,14,N,N,2/10/2023
Wewoka,Wewoka,Brush Pile,cedar trees,35.1838,-96.5212,12,N,Y,2/10/2023
Wewoka,Wewoka,Brush Pile,cedar trees,35.187,-96.5202,14,N,Y,2/10/2023
Wewoka,Wewoka,Brush Pile,cedar trees,35.1823,-96.5259,17,N,Y,2/10/2023
Wewoka,Wewoka,Brush Pile,cedar trees,35.1983,-96.5201,6,N,Y,2/10/2023
Wister,Wister Brush 6,Brush Pile,brush,34.940647,-94.770413,10,Y,N,1/16/2019
Wister,Wister Brush 1,Brush Pile, ,34.93511,-94.77429,10,N,Y,1/15/2019
Wister,Wister Brush 2,Brush Pile, ,34.94146,-94.75694,10,N,N,1/15/2019
Wister,Wister Brush 3,Brush Pile, ,34.94104,-94.74436,8,N,Y,1/15/2019
Wister,Wister Brush 4,Brush Pile, ,34.94491,-94.72126,12,N,Y,1/15/2019
Wister,Wister Brush 5,Brush Pile, ,34.92546,-94.72551,12,N,Y,1/15/2019
Wister,Wister Brush Row,Brush Pile, ,34.93415,-94.78758,15,Y,N,1/15/2019
